t,x,y,yaw,speed,target_y,steering,left_wheel,right_wheel
0.050,2.2997,-0.0000,-0.0001,0.0062,0.00,0.0000,0.0000,0.0000
0.100,2.2987,-0.0001,-0.0003,0.0194,0.00,0.0000,0.0000,0.0000
0.150,2.2978,-0.0001,-0.0002,0.0183,0.00,0.0000,0.0000,0.0000
0.200,2.2968,-0.0001,-0.0001,0.0197,0.00,0.0000,0.0000,0.0000
0.250,2.2958,-0.0001,-0.0000,0.0210,0.00,0.0000,0.0000,0.0000
0.300,2.2947,-0.0002,0.0001,0.0222,0.00,0.0000,0.0000,0.0000
0.350,2.2935,-0.0002,0.0001,0.0231,0.00,0.0000,0.0000,0.0000
0.400,2.2923,-0.0002,0.0002,0.0240,0.00,0.0000,0.0000,0.0000
0.450,2.2911,-0.0002,0.0002,0.0247,0.00,0.0000,0.0000,0.0000
0.500,2.2898,-0.0002,0.0003,0.0253,0.00,0.0000,0.0000,0.0000
0.550,2.2885,-0.0002,0.0003,0.0258,0.00,0.0000,0.0000,0.0000
0.600,2.2872,-0.0002,0.0003,0.0263,0.00,0.0000,0.0000,0.0000
0.650,2.2859,-0.0002,0.0003,0.0267,0.00,0.0000,0.0000,0.0000
0.700,2.2845,-0.0002,0.0004,0.0270,0.00,0.0000,0.0000,0.0000
0.750,2.2832,-0.0002,0.0004,0.0273,0.00,0.0000,0.0000,0.0000
0.800,2.2818,-0.0003,0.0004,0.0276,0.00,0.0000,0.0000,0.0000
0.850,2.2804,-0.0003,0.0004,0.0278,0.00,0.0000,0.0000,0.0000
0.900,2.2790,-0.0003,0.0004,0.0280,0.00,0.0000,0.0000,0.0000
0.950,2.2776,-0.0003,0.0005,0.0282,0.00,0.0000,0.0000,0.0000
1.000,2.2762,-0.0003,0.0005,0.0283,0.00,0.0000,0.0000,0.0000
1.050,2.2747,-0.0003,0.0005,0.0284,0.00,0.0000,0.0000,0.0000
1.100,2.2733,-0.0003,0.0005,0.0285,0.00,0.0000,0.0000,0.0000
1.150,2.2719,-0.0003,0.0005,0.0286,0.00,0.0000,0.0000,0.0000
1.200,2.2704,-0.0003,0.0005,0.0287,0.00,0.0000,0.0000,0.0000
1.250,2.2690,-0.0003,0.0005,0.0288,0.00,0.0000,0.0000,0.0000
1.300,2.2676,-0.0003,0.0005,0.0288,0.00,0.0000,0.0000,0.0000
1.350,2.2661,-0.0003,0.0005,0.0289,0.00,0.0000,0.0000,0.0000
1.400,2.2647,-0.0003,0.0005,0.0289,0.00,0.0000,0.0000,0.0000
1.450,2.2632,-0.0003,0.0005,0.0290,0.00,0.0000,0.0000,0.0000
1.500,2.2618,-0.0003,0.0005,0.0290,0.00,0.0000,0.0000,0.0000
1.550,2.2603,-0.0003,0.0005,0.0290,0.00,0.0000,0.0000,0.0000
1.600,2.2589,-0.0003,0.0006,0.0291,0.00,0.0000,0.0000,0.0000
1.650,2.2574,-0.0003,0.0006,0.0291,0.00,0.0000,0.0000,0.0000
1.700,2.2560,-0.0003,0.0006,0.0291,0.00,0.0000,0.0000,0.0000
1.750,2.2545,-0.0003,0.0006,0.0291,0.00,0.0000,0.0000,0.0000
1.800,2.2531,-0.0003,0.0006,0.0291,0.00,0.0000,0.0000,0.0000
1.850,2.2516,-0.0003,0.0006,0.0291,0.00,0.0000,0.0000,0.0000
1.900,2.2501,-0.0003,0.0006,0.0291,0.00,0.0000,0.0000,0.0000
1.950,2.2487,-0.0003,0.0006,0.0292,0.00,0.0000,0.0000,0.0000
2.000,2.2472,-0.0003,0.0006,0.0292,0.00,0.0000,0.0000,0.0000
2.050,2.2458,-0.0003,0.0006,0.0292,0.00,0.0000,0.0000,0.0000
2.100,2.2443,-0.0003,0.0006,0.0292,0.00,0.0000,0.0000,0.0000
2.150,2.2428,-0.0003,0.0006,0.0292,0.00,0.0000,0.0000,0.0000
2.200,2.2414,-0.0003,0.0006,0.0292,0.00,0.0000,0.0000,0.0000
2.250,2.2399,-0.0003,0.0006,0.0292,0.00,0.0000,0.0000,0.0000
2.300,2.2385,-0.0003,0.0006,0.0292,0.00,0.0000,0.0000,0.0000
2.350,2.2370,-0.0003,0.0006,0.0292,0.00,0.0000,0.0000,0.0000
2.400,2.2355,-0.0003,0.0006,0.0292,0.00,0.0000,0.0000,0.0000
2.450,2.2341,-0.0003,0.0006,0.0292,0.00,0.0000,0.0000,0.0000
2.500,2.2326,-0.0003,0.0006,0.0292,0.00,0.0000,0.0000,0.0000
2.550,2.2312,-0.0003,0.0006,0.0292,0.00,0.0000,0.0000,0.0000
2.600,2.2297,-0.0003,0.0006,0.0292,0.00,0.0000,0.0000,0.0000
2.650,2.2282,-0.0003,0.0006,0.0292,0.00,0.0000,0.0000,0.0000
2.700,2.2268,-0.0003,0.0006,0.0292,0.00,0.0000,0.0000,0.0000
2.750,2.2253,-0.0003,0.0006,0.0292,0.00,0.0000,0.0000,0.0000
2.800,2.2239,-0.0003,0.0007,0.0292,0.00,0.0000,0.0000,0.0000
2.850,2.2224,-0.0003,0.0007,0.0292,0.00,0.0000,0.0000,0.0000
2.900,2.2209,-0.0003,0.0007,0.0292,0.00,0.0000,0.0000,0.0000
2.950,2.2195,-0.0003,0.0007,0.0292,0.00,0.0000,0.0000,0.0000
3.000,2.2180,-0.0003,0.0007,0.0292,0.00,0.0000,0.0000,0.0000
3.050,2.2166,-0.0003,0.0007,0.0292,0.00,0.0000,0.0000,0.0000
3.100,2.2151,-0.0003,0.0007,0.0292,0.00,0.0000,0.0000,0.0000
3.150,2.2136,-0.0003,0.0007,0.0292,0.00,0.0000,0.0000,0.0000
3.200,2.2122,-0.0003,0.0007,0.0292,0.00,0.0000,0.0000,0.0000
3.250,2.2107,-0.0003,0.0007,0.0292,0.00,0.0000,0.0000,0.0000
3.300,2.2093,-0.0003,0.0007,0.0292,0.00,0.0000,0.0000,0.0000
3.350,2.2078,-0.0003,0.0007,0.0292,0.00,0.0000,0.0000,0.0000
3.400,2.2063,-0.0003,0.0007,0.0292,0.00,0.0000,0.0000,0.0000
3.450,2.2049,-0.0003,0.0007,0.0292,0.00,0.0000,0.0000,0.0000
3.500,2.2034,-0.0003,0.0007,0.0292,0.00,0.0000,0.0000,0.0000
3.550,2.2020,-0.0003,0.0007,0.0292,0.00,0.0000,0.0000,0.0000
3.600,2.2005,-0.0003,0.0007,0.0292,0.00,0.0000,0.0000,0.0000
3.650,2.1990,-0.0003,0.0007,0.0292,0.00,0.0000,0.0000,0.0000
3.700,2.1976,-0.0003,0.0007,0.0292,0.00,0.0000,0.0000,0.0000
3.750,2.1961,-0.0003,0.0007,0.0292,0.00,0.0000,0.0000,0.0000
3.800,2.1947,-0.0003,0.0007,0.0292,0.00,0.0000,0.0000,0.0000
3.850,2.1932,-0.0003,0.0007,0.0292,0.00,0.0000,0.0000,0.0000
3.900,2.1917,-0.0003,0.0007,0.0292,0.00,0.0000,0.0000,0.0000
3.950,2.1903,-0.0003,0.0007,0.0292,0.00,0.0000,0.0000,0.0000
4.000,2.1888,-0.0004,0.0007,0.0292,0.00,0.0000,0.0000,0.0000
4.050,2.1874,-0.0004,0.0007,0.0292,0.00,0.0000,0.0000,0.0000
4.100,2.1859,-0.0004,0.0007,0.0292,0.00,0.0000,0.0000,0.0000
4.150,2.1844,-0.0004,0.0008,0.0292,0.00,0.0000,0.0000,0.0000
4.200,2.1830,-0.0004,0.0008,0.0292,0.00,0.0000,0.0000,0.0000
4.250,2.1815,-0.0004,0.0008,0.0292,0.00,0.0000,0.0000,0.0000
4.300,2.1800,-0.0004,0.0008,0.0292,0.00,0.0000,0.0000,0.0000
4.350,2.1786,-0.0004,0.0008,0.0292,0.00,0.0000,0.0000,0.0000
4.400,2.1771,-0.0004,0.0008,0.0292,0.00,0.0000,0.0000,0.0000
4.450,2.1757,-0.0004,0.0008,0.0292,0.00,0.0000,0.0000,0.0000
4.500,2.1742,-0.0004,0.0008,0.0292,0.00,0.0000,0.0000,0.0000
4.550,2.1727,-0.0004,0.0008,0.0292,0.00,0.0000,0.0000,0.0000
4.600,2.1713,-0.0004,0.0008,0.0292,0.00,0.0000,0.0000,0.0000
4.650,2.1698,-0.0004,0.0008,0.0292,0.00,0.0000,0.0000,0.0000
4.700,2.1684,-0.0004,0.0008,0.0292,0.00,0.0000,0.0000,0.0000
4.750,2.1669,-0.0004,0.0008,0.0292,0.00,0.0000,0.0000,0.0000
4.800,2.1654,-0.0004,0.0008,0.0292,0.00,0.0000,0.0000,0.0000
4.850,2.1640,-0.0004,0.0008,0.0292,0.00,0.0000,0.0000,0.0000
4.900,2.1625,-0.0004,0.0008,0.0292,0.00,0.0000,0.0000,0.0000
4.950,2.1611,-0.0004,0.0008,0.0292,0.00,0.0000,0.0000,0.0000
5.000,2.1596,-0.0004,0.0008,0.0292,0.00,0.0000,0.0000,0.0000
5.050,2.1581,-0.0004,0.0008,0.0292,0.00,0.0000,0.0000,0.0000
5.100,2.1567,-0.0004,0.0008,0.0292,0.00,0.0000,0.0000,0.0000
5.150,2.1552,-0.0004,0.0008,0.0292,0.00,0.0000,0.0000,0.0000
5.200,2.1538,-0.0004,0.0008,0.0292,0.00,0.0000,0.0000,0.0000
5.250,2.1523,-0.0004,0.0008,0.0292,0.00,0.0000,0.0000,0.0000
5.300,2.1508,-0.0004,0.0008,0.0292,0.00,0.0000,0.0000,0.0000
5.350,2.1494,-0.0004,0.0008,0.0292,0.00,0.0000,0.0000,0.0000
5.400,2.1479,-0.0004,0.0008,0.0292,0.00,0.0000,0.0000,0.0000
5.450,2.1464,-0.0004,0.0008,0.0292,0.00,0.0000,0.0000,0.0000
5.500,2.1450,-0.0004,0.0009,0.0292,0.00,0.0000,0.0000,0.0000
5.550,2.1435,-0.0004,0.0009,0.0292,0.00,0.0000,0.0000,0.0000
5.600,2.1421,-0.0004,0.0009,0.0292,0.00,0.0000,0.0000,0.0000
5.650,2.1406,-0.0004,0.0009,0.0292,0.00,0.0000,0.0000,0.0000
5.700,2.1391,-0.0004,0.0009,0.0292,0.00,0.0000,0.0000,0.0000
5.750,2.1377,-0.0004,0.0009,0.0292,0.00,0.0000,0.0000,0.0000
5.800,2.1362,-0.0004,0.0009,0.0292,0.00,0.0000,0.0000,0.0000
5.850,2.1348,-0.0004,0.0009,0.0292,0.00,0.0000,0.0000,0.0000
5.900,2.1333,-0.0004,0.0009,0.0292,0.00,0.0000,0.0000,0.0000
5.950,2.1318,-0.0004,0.0009,0.0292,0.00,0.0000,0.0000,0.0000
6.000,2.1304,-0.0004,0.0009,0.0292,0.00,0.0000,0.0000,0.0000
6.050,2.1289,-0.0004,0.0009,0.0292,0.00,0.0000,0.0000,0.0000
6.100,2.1275,-0.0004,0.0009,0.0292,0.00,0.0000,0.0000,0.0000
6.150,2.1260,-0.0004,0.0009,0.0292,0.00,0.0000,0.0000,0.0000
6.200,2.1245,-0.0004,0.0009,0.0292,0.00,0.0000,0.0000,0.0000
6.250,2.1231,-0.0004,0.0009,0.0292,0.00,0.0000,0.0000,0.0000
6.300,2.1216,-0.0004,0.0009,0.0292,0.00,0.0000,0.0000,0.0000
6.350,2.1201,-0.0004,0.0009,0.0292,0.00,0.0000,0.0000,0.0000
6.400,2.1187,-0.0004,0.0009,0.0292,0.00,0.0000,0.0000,0.0000
6.450,2.1172,-0.0004,0.0009,0.0292,0.00,0.0000,0.0000,0.0000
6.500,2.1158,-0.0004,0.0009,0.0292,0.00,0.0000,0.0000,0.0000
6.550,2.1143,-0.0004,0.0009,0.0292,0.00,0.0000,0.0000,0.0000
6.600,2.1128,-0.0004,0.0009,0.0292,0.00,0.0000,0.0000,0.0000
6.650,2.1114,-0.0004,0.0009,0.0292,0.00,0.0000,0.0000,0.0000
6.700,2.1099,-0.0004,0.0009,0.0292,0.00,0.0000,0.0000,0.0000
6.750,2.1085,-0.0004,0.0009,0.0292,0.00,0.0000,0.0000,0.0000
6.800,2.1070,-0.0004,0.0009,0.0292,0.00,0.0000,0.0000,0.0000
6.850,2.1055,-0.0004,0.0010,0.0292,0.00,0.0000,0.0000,0.0000
6.900,2.1041,-0.0004,0.0010,0.0292,0.00,0.0000,0.0000,0.0000
6.950,2.1026,-0.0004,0.0010,0.0292,0.00,0.0000,0.0000,0.0000
7.000,2.1012,-0.0004,0.0010,0.0292,0.00,0.0000,0.0000,0.0000
7.050,2.0997,-0.0004,0.0010,0.0292,0.00,0.0000,0.0000,0.0000
7.100,2.0982,-0.0005,0.0010,0.0292,0.00,0.0000,0.0000,0.0000
7.150,2.0968,-0.0005,0.0010,0.0292,0.00,0.0000,0.0000,0.0000
7.200,2.0953,-0.0005,0.0010,0.0292,0.00,0.0000,0.0000,0.0000
7.250,2.0938,-0.0005,0.0010,0.0292,0.00,0.0000,0.0000,0.0000
7.300,2.0924,-0.0005,0.0010,0.0292,0.00,0.0000,0.0000,0.0000
7.350,2.0909,-0.0005,0.0010,0.0292,0.00,0.0000,0.0000,0.0000
7.400,2.0895,-0.0005,0.0010,0.0292,0.00,0.0000,0.0000,0.0000
7.450,2.0880,-0.0005,0.0010,0.0292,0.00,0.0000,0.0000,0.0000
7.500,2.0865,-0.0005,0.0010,0.0292,0.00,0.0000,0.0000,0.0000
7.550,2.0851,-0.0005,0.0010,0.0292,0.00,0.0000,0.0000,0.0000
7.600,2.0836,-0.0005,0.0010,0.0292,0.00,0.0000,0.0000,0.0000
7.650,2.0822,-0.0005,0.0010,0.0292,0.00,0.0000,0.0000,0.0000
7.700,2.0807,-0.0005,0.0010,0.0292,0.00,0.0000,0.0000,0.0000
7.750,2.0792,-0.0005,0.0010,0.0292,0.00,0.0000,0.0000,0.0000
7.800,2.0778,-0.0005,0.0010,0.0292,0.00,0.0000,0.0000,0.0000
7.850,2.0763,-0.0005,0.0010,0.0292,0.00,0.0000,0.0000,0.0000
7.900,2.0749,-0.0005,0.0010,0.0292,0.00,0.0000,0.0000,0.0000
7.950,2.0734,-0.0005,0.0010,0.0292,0.00,0.0000,0.0000,0.0000
8.000,2.0719,-0.0005,0.0010,0.0292,0.00,0.0000,0.0000,0.0000
8.050,2.0705,-0.0005,0.0011,0.0292,0.00,0.0000,0.0000,0.0000
8.100,2.0690,-0.0005,0.0011,0.0292,0.00,0.0000,0.0000,0.0000
8.150,2.0675,-0.0005,0.0011,0.0292,0.00,0.0000,0.0000,0.0000
8.200,2.0661,-0.0005,0.0011,0.0292,0.00,0.0000,0.0000,0.0000
8.250,2.0646,-0.0005,0.0011,0.0292,0.00,0.0000,0.0000,0.0000
8.300,2.0632,-0.0005,0.0011,0.0292,0.00,0.0000,0.0000,0.0000
8.350,2.0617,-0.0005,0.0011,0.0292,0.00,0.0000,0.0000,0.0000
8.400,2.0602,-0.0005,0.0011,0.0292,0.00,0.0000,0.0000,0.0000
8.450,2.0588,-0.0005,0.0011,0.0292,0.00,0.0000,0.0000,0.0000
8.500,2.0573,-0.0005,0.0011,0.0292,0.00,0.0000,0.0000,0.0000
8.550,2.0558,-0.0005,0.0011,0.0292,0.00,0.0000,0.0000,0.0000
8.600,2.0544,-0.0005,0.0011,0.0292,0.00,0.0000,0.0000,0.0000
8.650,2.0529,-0.0005,0.0011,0.0292,0.00,0.0000,0.0000,0.0000
8.700,2.0515,-0.0005,0.0011,0.0292,0.00,0.0000,0.0000,0.0000
8.750,2.0500,-0.0005,0.0011,0.0292,0.00,0.0000,0.0000,0.0000
8.800,2.0485,-0.0005,0.0011,0.0292,0.00,0.0000,0.0000,0.0000
8.850,2.0471,-0.0005,0.0012,0.0292,0.00,0.0000,0.0000,0.0000
8.900,2.0456,-0.0005,0.0012,0.0292,0.00,0.0000,0.0000,0.0000
8.950,2.0442,-0.0005,0.0012,0.0292,0.00,0.0000,0.0000,0.0000
9.000,2.0427,-0.0005,0.0012,0.0292,0.00,0.0000,0.0000,0.0000
9.050,2.0412,-0.0005,0.0012,0.0292,0.00,0.0000,0.0000,0.0000
9.100,2.0398,-0.0005,0.0012,0.0292,0.00,0.0000,0.0000,0.0000
9.150,2.0383,-0.0005,0.0012,0.0292,0.00,0.0000,0.0000,0.0000
9.200,2.0368,-0.0005,0.0012,0.0292,0.00,0.0000,0.0000,0.0000
9.250,2.0354,-0.0005,0.0012,0.0292,0.00,0.0000,0.0000,0.0000
9.300,2.0339,-0.0005,0.0012,0.0292,0.00,0.0000,0.0000,0.0000
9.350,2.0325,-0.0005,0.0012,0.0292,0.00,0.0000,0.0000,0.0000
9.400,2.0310,-0.0005,0.0012,0.0292,0.00,0.0000,0.0000,0.0000
9.450,2.0295,-0.0006,0.0012,0.0292,0.00,0.0000,0.0000,0.0000
9.500,2.0281,-0.0006,0.0012,0.0292,0.00,0.0000,0.0000,0.0000
9.550,2.0266,-0.0006,0.0012,0.0292,0.00,0.0000,0.0000,0.0000
9.600,2.0251,-0.0006,0.0012,0.0292,0.00,0.0000,0.0000,0.0000
9.650,2.0237,-0.0006,0.0012,0.0292,0.00,0.0000,0.0000,0.0000
9.700,2.0222,-0.0006,0.0013,0.0292,0.00,0.0000,0.0000,0.0000
9.750,2.0208,-0.0006,0.0013,0.0292,0.00,0.0000,0.0000,0.0000
9.800,2.0193,-0.0006,0.0013,0.0292,0.00,0.0000,0.0000,0.0000
9.850,2.0178,-0.0006,0.0013,0.0292,0.00,0.0000,0.0000,0.0000
9.900,2.0164,-0.0006,0.0013,0.0292,0.00,0.0000,0.0000,0.0000
9.950,2.0149,-0.0006,0.0013,0.0292,0.00,0.0000,0.0000,0.0000
10.000,2.0135,-0.0006,0.0013,0.0292,0.00,0.0000,0.0000,0.0000
10.050,2.0120,-0.0006,0.0013,0.0292,0.00,0.0000,0.0000,0.0000
10.100,2.0105,-0.0006,0.0013,0.0292,0.00,0.0000,0.0000,0.0000
10.150,2.0091,-0.0006,0.0013,0.0292,0.00,0.0000,0.0000,0.0000
10.200,2.0076,-0.0006,0.0013,0.0292,0.00,0.0000,0.0000,0.0000
10.250,2.0061,-0.0006,0.0013,0.0292,0.00,0.0000,0.0000,0.0000
10.300,2.0047,-0.0006,0.0013,0.0292,0.00,0.0000,0.0000,0.0000
10.350,2.0032,-0.0006,0.0013,0.0292,0.00,0.0000,0.0000,0.0000
10.400,2.0018,-0.0006,0.0013,0.0292,0.00,0.0000,0.0000,0.0000
10.450,2.0003,-0.0006,0.0013,0.0292,0.00,0.0000,0.0000,0.0000
10.500,1.9988,-0.0006,0.0014,0.0292,0.00,0.0000,0.0000,0.0000
10.550,1.9974,-0.0006,0.0014,0.0292,0.00,0.0000,0.0000,0.0000
10.600,1.9959,-0.0006,0.0014,0.0292,0.00,0.0000,0.0000,0.0000
10.650,1.9944,-0.0006,0.0014,0.0292,0.00,0.0000,0.0000,0.0000
10.700,1.9930,-0.0006,0.0014,0.0292,0.00,0.0000,0.0000,0.0000
10.750,1.9915,-0.0006,0.0014,0.0292,0.00,0.0000,0.0000,0.0000
10.800,1.9901,-0.0006,0.0014,0.0292,0.00,0.0000,0.0000,0.0000
10.850,1.9886,-0.0006,0.0014,0.0292,0.00,0.0000,0.0000,0.0000
10.900,1.9871,-0.0006,0.0014,0.0293,0.00,0.0000,0.0000,0.0000
10.950,1.9857,-0.0006,0.0014,0.0293,0.00,0.0000,0.0000,0.0000
11.000,1.9842,-0.0006,0.0014,0.0293,0.00,0.0000,0.0000,0.0000
11.050,1.9827,-0.0006,0.0014,0.0293,0.00,0.0000,0.0000,0.0000
11.100,1.9813,-0.0006,0.0014,0.0293,0.00,0.0000,0.0000,0.0000
11.150,1.9798,-0.0006,0.0014,0.0293,0.00,0.0000,0.0000,0.0000
11.200,1.9784,-0.0006,0.0014,0.0293,0.00,0.0000,0.0000,0.0000
11.250,1.9769,-0.0006,0.0014,0.0293,0.00,0.0000,0.0000,0.0000
11.300,1.9754,-0.0006,0.0015,0.0293,0.00,0.0000,0.0000,0.0000
11.350,1.9740,-0.0006,0.0015,0.0293,0.00,0.0000,0.0000,0.0000
11.400,1.9725,-0.0006,0.0015,0.0293,0.00,0.0000,0.0000,0.0000
11.450,1.9710,-0.0006,0.0015,0.0293,0.00,0.0000,0.0000,0.0000
11.500,1.9696,-0.0006,0.0015,0.0293,0.00,0.0000,0.0000,0.0000
11.550,1.9681,-0.0006,0.0015,0.0293,0.00,0.0000,0.0000,0.0000
11.600,1.9667,-0.0006,0.0015,0.0293,0.00,0.0000,0.0000,0.0000
11.650,1.9652,-0.0007,0.0015,0.0293,0.00,0.0000,0.0000,0.0000
11.700,1.9637,-0.0007,0.0015,0.0293,0.00,0.0000,0.0000,0.0000
11.750,1.9623,-0.0007,0.0015,0.0293,0.00,0.0000,0.0000,0.0000
11.800,1.9608,-0.0007,0.0015,0.0293,0.00,0.0000,0.0000,0.0000
11.850,1.9593,-0.0007,0.0015,0.0293,0.00,0.0000,0.0000,0.0000
11.900,1.9579,-0.0007,0.0015,0.0293,0.00,0.0000,0.0000,0.0000
11.950,1.9564,-0.0007,0.0015,0.0293,0.00,0.0000,0.0000,0.0000
12.000,1.9550,-0.0007,0.0015,0.0293,0.00,0.0000,0.0000,0.0000
12.050,1.9535,-0.0007,0.0015,0.0293,0.00,0.0000,0.0000,0.0000
12.100,1.9520,-0.0007,0.0015,0.0293,0.00,0.0000,0.0000,0.0000
12.150,1.9506,-0.0007,0.0015,0.0293,0.00,0.0000,0.0000,0.0000
12.200,1.9491,-0.0007,0.0015,0.0293,0.00,0.0000,0.0000,0.0000
12.250,1.9476,-0.0007,0.0015,0.0293,0.00,0.0000,0.0000,0.0000
12.300,1.9462,-0.0007,0.0015,0.0293,0.00,0.0000,0.0000,0.0000
12.350,1.9447,-0.0007,0.0015,0.0293,0.00,0.0000,0.0000,0.0000
12.400,1.9432,-0.0007,0.0015,0.0293,0.00,0.0000,0.0000,0.0000
12.450,1.9418,-0.0007,0.0015,0.0293,0.00,0.0000,0.0000,0.0000
12.500,1.9403,-0.0007,0.0015,0.0293,0.00,0.0000,0.0000,0.0000
12.550,1.9389,-0.0007,0.0015,0.0293,0.00,0.0000,0.0000,0.0000
12.600,1.9374,-0.0007,0.0015,0.0293,0.00,0.0000,0.0000,0.0000
12.650,1.9359,-0.0007,0.0015,0.0293,0.00,0.0000,0.0000,0.0000
12.700,1.9345,-0.0007,0.0016,0.0293,0.00,0.0000,0.0000,0.0000
12.750,1.9330,-0.0007,0.0016,0.0293,0.00,0.0000,0.0000,0.0000
12.800,1.9315,-0.0007,0.0016,0.0293,0.00,0.0000,0.0000,0.0000
12.850,1.9301,-0.0007,0.0016,0.0293,0.00,0.0000,0.0000,0.0000
12.900,1.9286,-0.0007,0.0016,0.0293,0.00,0.0000,0.0000,0.0000
12.950,1.9272,-0.0007,0.0016,0.0293,0.00,0.0000,0.0000,0.0000
13.000,1.9257,-0.0007,0.0016,0.0293,0.00,0.0000,0.0000,0.0000
13.050,1.9242,-0.0007,0.0016,0.0293,0.00,0.0000,0.0000,0.0000
13.100,1.9228,-0.0007,0.0016,0.0293,0.00,0.0000,0.0000,0.0000
13.150,1.9213,-0.0007,0.0016,0.0293,0.00,0.0000,0.0000,0.0000
13.200,1.9198,-0.0007,0.0016,0.0293,0.00,0.0000,0.0000,0.0000
13.250,1.9184,-0.0007,0.0016,0.0293,0.00,0.0000,0.0000,0.0000
13.300,1.9169,-0.0007,0.0016,0.0293,0.00,0.0000,0.0000,0.0000
13.350,1.9154,-0.0007,0.0016,0.0293,0.00,0.0000,0.0000,0.0000
13.400,1.9140,-0.0007,0.0016,0.0293,0.00,0.0000,0.0000,0.0000
13.450,1.9125,-0.0007,0.0016,0.0293,0.00,0.0000,0.0000,0.0000
13.500,1.9111,-0.0007,0.0016,0.0293,0.00,0.0000,0.0000,0.0000
13.550,1.9096,-0.0007,0.0016,0.0293,0.00,0.0000,0.0000,0.0000
13.600,1.9081,-0.0007,0.0016,0.0293,0.00,0.0000,0.0000,0.0000
13.650,1.9067,-0.0007,0.0016,0.0293,0.00,0.0000,0.0000,0.0000
13.700,1.9052,-0.0007,0.0016,0.0293,0.00,0.0000,0.0000,0.0000
13.750,1.9037,-0.0007,0.0016,0.0293,0.00,0.0000,0.0000,0.0000
13.800,1.9023,-0.0007,0.0016,0.0293,0.00,0.0000,0.0000,0.0000
13.850,1.9008,-0.0007,0.0016,0.0293,0.00,0.0000,0.0000,0.0000
13.900,1.8993,-0.0008,0.0016,0.0293,0.00,0.0000,0.0000,0.0000
13.950,1.8979,-0.0008,0.0016,0.0293,0.00,0.0000,0.0000,0.0000
14.000,1.8964,-0.0008,0.0016,0.0293,0.00,0.0000,0.0000,0.0000
14.050,1.8950,-0.0008,0.0016,0.0293,0.00,0.0000,0.0000,0.0000
14.100,1.8935,-0.0008,0.0016,0.0293,0.00,0.0000,0.0000,0.0000
14.150,1.8920,-0.0008,0.0016,0.0293,0.00,0.0000,0.0000,0.0000
14.200,1.8906,-0.0008,0.0016,0.0293,0.00,0.0000,0.0000,0.0000
14.250,1.8891,-0.0008,0.0016,0.0293,0.00,0.0000,0.0000,0.0000
14.300,1.8876,-0.0008,0.0016,0.0293,0.00,0.0000,0.0000,0.0000
14.350,1.8862,-0.0008,0.0016,0.0293,0.00,0.0000,0.0000,0.0000
14.400,1.8847,-0.0008,0.0016,0.0293,0.00,0.0000,0.0000,0.0000
14.450,1.8833,-0.0008,0.0016,0.0293,0.00,0.0000,0.0000,0.0000
14.500,1.8818,-0.0008,0.0016,0.0293,0.00,0.0000,0.0000,0.0000
14.550,1.8803,-0.0008,0.0017,0.0293,0.00,0.0000,0.0000,0.0000
14.600,1.8789,-0.0008,0.0017,0.0293,0.00,0.0000,0.0000,0.0000
14.650,1.8774,-0.0008,0.0017,0.0293,0.00,0.0000,0.0000,0.0000
14.700,1.8759,-0.0008,0.0017,0.0293,0.00,0.0000,0.0000,0.0000
14.750,1.8745,-0.0008,0.0017,0.0293,0.00,0.0000,0.0000,0.0000
14.800,1.8730,-0.0008,0.0017,0.0293,0.00,0.0000,0.0000,0.0000
14.850,1.8715,-0.0008,0.0017,0.0293,0.00,0.0000,0.0000,0.0000
14.900,1.8701,-0.0008,0.0017,0.0293,0.00,0.0000,0.0000,0.0000
14.950,1.8686,-0.0008,0.0017,0.0293,0.00,0.0000,0.0000,0.0000
15.000,1.8672,-0.0008,0.0017,0.0293,0.00,0.0000,0.0000,0.0000
15.050,1.8657,-0.0008,0.0017,0.0293,0.00,0.0000,0.0000,0.0000
15.100,1.8642,-0.0008,0.0017,0.0293,0.00,0.0000,0.0000,0.0000
15.150,1.8628,-0.0008,0.0017,0.0293,0.00,0.0000,0.0000,0.0000
15.200,1.8613,-0.0008,0.0017,0.0293,0.00,0.0000,0.0000,0.0000
15.250,1.8598,-0.0008,0.0017,0.0293,0.00,0.0000,0.0000,0.0000
15.300,1.8584,-0.0008,0.0017,0.0293,0.00,0.0000,0.0000,0.0000
15.350,1.8569,-0.0008,0.0017,0.0293,0.00,0.0000,0.0000,0.0000
15.400,1.8555,-0.0008,0.0017,0.0293,0.00,0.0000,0.0000,0.0000
15.450,1.8540,-0.0008,0.0017,0.0293,0.00,0.0000,0.0000,0.0000
15.500,1.8525,-0.0008,0.0017,0.0293,0.00,0.0000,0.0000,0.0000
15.550,1.8511,-0.0008,0.0017,0.0293,0.00,0.0000,0.0000,0.0000
15.600,1.8496,-0.0008,0.0017,0.0293,0.00,0.0000,0.0000,0.0000
15.650,1.8481,-0.0008,0.0017,0.0293,0.00,0.0000,0.0000,0.0000
15.700,1.8467,-0.0008,0.0017,0.0293,0.00,0.0000,0.0000,0.0000
15.750,1.8452,-0.0008,0.0017,0.0293,0.00,0.0000,0.0000,0.0000
15.800,1.8437,-0.0008,0.0017,0.0293,0.00,0.0000,0.0000,0.0000
15.850,1.8423,-0.0008,0.0017,0.0293,0.00,0.0000,0.0000,0.0000
15.900,1.8408,-0.0008,0.0017,0.0293,0.00,0.0000,0.0000,0.0000
15.950,1.8394,-0.0008,0.0017,0.0293,0.00,0.0000,0.0000,0.0000
16.000,1.8379,-0.0009,0.0017,0.0293,0.00,0.0000,0.0000,0.0000
16.050,1.8364,-0.0009,0.0017,0.0293,0.00,0.0000,0.0000,0.0000
16.100,1.8350,-0.0009,0.0017,0.0293,0.00,0.0000,0.0000,0.0000
16.150,1.8335,-0.0009,0.0017,0.0293,0.00,0.0000,0.0000,0.0000
16.200,1.8320,-0.0009,0.0017,0.0293,0.00,0.0000,0.0000,0.0000
16.250,1.8306,-0.0009,0.0017,0.0293,0.00,0.0000,0.0000,0.0000
16.300,1.8291,-0.0009,0.0018,0.0293,0.00,0.0000,0.0000,0.0000
16.350,1.8277,-0.0009,0.0018,0.0293,0.00,0.0000,0.0000,0.0000
16.400,1.8262,-0.0009,0.0018,0.0293,0.00,0.0000,0.0000,0.0000
16.450,1.8247,-0.0009,0.0018,0.0293,0.00,0.0000,0.0000,0.0000
16.500,1.8233,-0.0009,0.0018,0.0293,0.00,0.0000,0.0000,0.0000
16.550,1.8218,-0.0009,0.0018,0.0293,0.00,0.0000,0.0000,0.0000
16.600,1.8203,-0.0009,0.0018,0.0293,0.00,0.0000,0.0000,0.0000
16.650,1.8189,-0.0009,0.0018,0.0293,0.00,0.0000,0.0000,0.0000
16.700,1.8174,-0.0009,0.0018,0.0293,0.00,0.0000,0.0000,0.0000
16.750,1.8159,-0.0009,0.0018,0.0293,0.00,0.0000,0.0000,0.0000
16.800,1.8145,-0.0009,0.0018,0.0293,0.00,0.0000,0.0000,0.0000
16.850,1.8130,-0.0009,0.0018,0.0293,0.00,0.0000,0.0000,0.0000
16.900,1.8116,-0.0009,0.0018,0.0293,0.00,0.0000,0.0000,0.0000
16.950,1.8101,-0.0009,0.0018,0.0293,0.00,0.0000,0.0000,0.0000
17.000,1.8086,-0.0009,0.0018,0.0293,0.00,0.0000,0.0000,0.0000
17.050,1.8072,-0.0009,0.0018,0.0293,0.00,0.0000,0.0000,0.0000
17.100,1.8057,-0.0009,0.0018,0.0293,0.00,0.0000,0.0000,0.0000
17.150,1.8042,-0.0009,0.0018,0.0293,0.00,0.0000,0.0000,0.0000
17.200,1.8028,-0.0009,0.0018,0.0293,0.00,0.0000,0.0000,0.0000
17.250,1.8013,-0.0009,0.0018,0.0293,0.00,0.0000,0.0000,0.0000
17.300,1.7999,-0.0009,0.0018,0.0293,0.00,0.0000,0.0000,0.0000
17.350,1.7984,-0.0009,0.0018,0.0293,0.00,0.0000,0.0000,0.0000
17.400,1.7969,-0.0009,0.0018,0.0293,0.00,0.0000,0.0000,0.0000
17.450,1.7955,-0.0009,0.0018,0.0293,0.00,0.0000,0.0000,0.0000
17.500,1.7940,-0.0009,0.0018,0.0293,0.00,0.0000,0.0000,0.0000
17.550,1.7925,-0.0009,0.0018,0.0293,0.00,0.0000,0.0000,0.0000
17.600,1.7911,-0.0009,0.0018,0.0293,0.00,0.0000,0.0000,0.0000
17.650,1.7896,-0.0009,0.0018,0.0293,0.00,0.0000,0.0000,0.0000
17.700,1.7882,-0.0009,0.0018,0.0293,0.00,0.0000,0.0000,0.0000
17.750,1.7867,-0.0009,0.0019,0.0293,0.00,0.0000,0.0000,0.0000
17.800,1.7852,-0.0009,0.0019,0.0293,0.00,0.0000,0.0000,0.0000
17.850,1.7838,-0.0009,0.0019,0.0293,0.00,0.0000,0.0000,0.0000
17.900,1.7823,-0.0010,0.0019,0.0293,0.00,0.0000,0.0000,0.0000
17.950,1.7808,-0.0010,0.0019,0.0293,0.00,0.0000,0.0000,0.0000
18.000,1.7794,-0.0010,0.0019,0.0293,0.00,0.0000,0.0000,0.0000
18.050,1.7779,-0.0010,0.0019,0.0293,0.00,0.0000,0.0000,0.0000
18.100,1.7764,-0.0010,0.0019,0.0293,0.00,0.0000,0.0000,0.0000
18.150,1.7750,-0.0010,0.0019,0.0293,0.00,0.0000,0.0000,0.0000
18.200,1.7735,-0.0010,0.0019,0.0293,0.00,0.0000,0.0000,0.0000
18.250,1.7721,-0.0010,0.0019,0.0293,0.00,0.0000,0.0000,0.0000
18.300,1.7706,-0.0010,0.0019,0.0293,0.00,0.0000,0.0000,0.0000
18.350,1.7691,-0.0010,0.0019,0.0293,0.00,0.0000,0.0000,0.0000
18.400,1.7677,-0.0010,0.0019,0.0293,0.00,0.0000,0.0000,0.0000
18.450,1.7662,-0.0010,0.0019,0.0293,0.00,0.0000,0.0000,0.0000
18.500,1.7647,-0.0010,0.0019,0.0293,0.00,0.0000,0.0000,0.0000
18.550,1.7633,-0.0010,0.0019,0.0293,0.00,0.0000,0.0000,0.0000
18.600,1.7618,-0.0010,0.0019,0.0293,0.00,0.0000,0.0000,0.0000
18.650,1.7604,-0.0010,0.0019,0.0293,0.00,0.0000,0.0000,0.0000
18.700,1.7589,-0.0010,0.0019,0.0293,0.00,0.0000,0.0000,0.0000
18.750,1.7574,-0.0010,0.0019,0.0293,0.00,0.0000,0.0000,0.0000
18.800,1.7560,-0.0010,0.0019,0.0293,0.00,0.0000,0.0000,0.0000
18.850,1.7545,-0.0010,0.0019,0.0293,0.00,0.0000,0.0000,0.0000
18.900,1.7530,-0.0010,0.0019,0.0293,0.00,0.0000,0.0000,0.0000
18.950,1.7516,-0.0010,0.0019,0.0293,0.00,0.0000,0.0000,0.0000
19.000,1.7501,-0.0010,0.0019,0.0293,0.00,0.0000,0.0000,0.0000
19.050,1.7486,-0.0010,0.0019,0.0293,0.00,0.0000,0.0000,0.0000
19.100,1.7472,-0.0010,0.0019,0.0293,0.00,0.0000,0.0000,0.0000
19.150,1.7457,-0.0010,0.0019,0.0293,0.00,0.0000,0.0000,0.0000
19.200,1.7443,-0.0010,0.0019,0.0293,0.00,0.0000,0.0000,0.0000
19.250,1.7428,-0.0010,0.0019,0.0293,0.00,0.0000,0.0000,0.0000
19.300,1.7413,-0.0010,0.0019,0.0293,0.00,0.0000,0.0000,0.0000
19.350,1.7399,-0.0010,0.0019,0.0293,0.00,0.0000,0.0000,0.0000
19.400,1.7384,-0.0010,0.0019,0.0293,0.00,0.0000,0.0000,0.0000
19.450,1.7369,-0.0010,0.0019,0.0293,0.00,0.0000,0.0000,0.0000
19.500,1.7355,-0.0010,0.0019,0.0293,0.00,0.0000,0.0000,0.0000
19.550,1.7340,-0.0010,0.0019,0.0293,0.00,0.0000,0.0000,0.0000
19.600,1.7326,-0.0010,0.0019,0.0293,0.00,0.0000,0.0000,0.0000
19.650,1.7311,-0.0010,0.0019,0.0293,0.00,0.0000,0.0000,0.0000
19.700,1.7296,-0.0011,0.0019,0.0293,0.00,0.0000,0.0000,0.0000
19.750,1.7282,-0.0011,0.0020,0.0293,0.00,0.0000,0.0000,0.0000
19.800,1.7267,-0.0011,0.0020,0.0293,0.00,0.0000,0.0000,0.0000
19.850,1.7252,-0.0011,0.0020,0.0293,0.00,0.0000,0.0000,0.0000
19.900,1.7238,-0.0011,0.0020,0.0293,0.00,0.0000,0.0000,0.0000
19.950,1.7223,-0.0011,0.0020,0.0293,0.00,0.0000,0.0000,0.0000
20.000,1.7208,-0.0011,0.0020,0.0293,0.00,0.0000,0.0000,0.0000
20.050,1.7194,-0.0011,0.0020,0.0293,0.00,0.0000,0.0000,0.0000
20.100,1.7179,-0.0011,0.0020,0.0293,0.00,0.0000,0.0000,0.0000
20.150,1.7165,-0.0011,0.0020,0.0293,0.00,0.0000,0.0000,0.0000
20.200,1.7150,-0.0011,0.0020,0.0293,0.00,0.0000,0.0000,0.0000
20.250,1.7135,-0.0011,0.0020,0.0293,0.00,0.0000,0.0000,0.0000
20.300,1.7121,-0.0011,0.0020,0.0293,0.00,0.0000,0.0000,0.0000
20.350,1.7106,-0.0011,0.0020,0.0293,0.00,0.0000,0.0000,0.0000
20.400,1.7091,-0.0011,0.0020,0.0293,0.00,0.0000,0.0000,0.0000
20.450,1.7077,-0.0011,0.0020,0.0293,0.00,0.0000,0.0000,0.0000
20.500,1.7062,-0.0011,0.0020,0.0293,0.00,0.0000,0.0000,0.0000
20.550,1.7047,-0.0011,0.0020,0.0293,0.00,0.0000,0.0000,0.0000
20.600,1.7033,-0.0011,0.0020,0.0293,0.00,0.0000,0.0000,0.0000
20.650,1.7018,-0.0011,0.0020,0.0293,0.00,0.0000,0.0000,0.0000
20.700,1.7004,-0.0011,0.0020,0.0293,0.00,0.0000,0.0000,0.0000
20.750,1.6989,-0.0011,0.0020,0.0293,0.00,0.0000,0.0000,0.0000
20.800,1.6974,-0.0011,0.0020,0.0293,0.00,0.0000,0.0000,0.0000
20.850,1.6960,-0.0011,0.0020,0.0293,0.00,0.0000,0.0000,0.0000
20.900,1.6945,-0.0011,0.0020,0.0293,0.00,0.0000,0.0000,0.0000
20.950,1.6930,-0.0011,0.0020,0.0293,0.00,0.0000,0.0000,0.0000
21.000,1.6916,-0.0011,0.0020,0.0293,0.00,0.0000,0.0000,0.0000
21.050,1.6901,-0.0011,0.0020,0.0293,0.00,0.0000,0.0000,0.0000
21.100,1.6887,-0.0011,0.0020,0.0293,0.00,0.0000,0.0000,0.0000
21.150,1.6872,-0.0011,0.0020,0.0293,0.00,0.0000,0.0000,0.0000
21.200,1.6857,-0.0011,0.0020,0.0293,0.00,0.0000,0.0000,0.0000
21.250,1.6843,-0.0011,0.0020,0.0293,0.00,0.0000,0.0000,0.0000
21.300,1.6828,-0.0011,0.0020,0.0293,0.00,0.0000,0.0000,0.0000
21.350,1.6813,-0.0011,0.0020,0.0293,0.00,0.0000,0.0000,0.0000
21.400,1.6799,-0.0011,0.0020,0.0293,0.00,0.0000,0.0000,0.0000
21.450,1.6784,-0.0012,0.0020,0.0293,0.00,0.0000,0.0000,0.0000
21.500,1.6769,-0.0012,0.0020,0.0293,0.00,0.0000,0.0000,0.0000
21.550,1.6755,-0.0012,0.0020,0.0293,0.00,0.0000,0.0000,0.0000
21.600,1.6740,-0.0012,0.0020,0.0293,0.00,0.0000,0.0000,0.0000
21.650,1.6726,-0.0012,0.0020,0.0293,0.00,0.0000,0.0000,0.0000
21.700,1.6711,-0.0012,0.0020,0.0293,0.00,0.0000,0.0000,0.0000
21.750,1.6696,-0.0012,0.0020,0.0293,0.00,0.0000,0.0000,0.0000
21.800,1.6682,-0.0012,0.0020,0.0293,0.00,0.0000,0.0000,0.0000
21.850,1.6667,-0.0012,0.0020,0.0293,0.00,0.0000,0.0000,0.0000
21.900,1.6652,-0.0012,0.0020,0.0293,0.00,0.0000,0.0000,0.0000
21.950,1.6638,-0.0012,0.0020,0.0293,0.00,0.0000,0.0000,0.0000
22.000,1.6623,-0.0012,0.0020,0.0293,0.20,0.0000,0.0000,0.0000
22.050,1.6609,-0.0012,0.0020,0.0293,0.20,0.0000,0.0000,0.0000
22.100,1.6594,-0.0012,0.0020,0.0293,0.20,0.0000,0.0000,0.0000
22.150,1.6579,-0.0012,0.0020,0.0293,0.20,0.0000,0.0000,0.0000
22.200,1.6565,-0.0012,0.0020,0.0293,0.20,0.0000,0.0000,0.0000
22.250,1.6550,-0.0012,0.0020,0.0293,0.20,0.0000,0.0000,0.0000
22.300,1.6535,-0.0012,0.0020,0.0293,0.20,0.0000,0.0000,0.0000
22.350,1.6521,-0.0012,0.0020,0.0293,0.20,0.0000,0.0000,0.0000
22.400,1.6506,-0.0012,0.0020,0.0293,0.20,0.0000,0.0000,0.0000
22.450,1.6491,-0.0012,0.0020,0.0293,0.20,0.0000,0.0000,0.0000
22.500,1.6477,-0.0012,0.0020,0.0293,0.20,0.0000,0.0000,0.0000
22.550,1.6462,-0.0012,0.0020,0.0293,0.20,0.0000,0.0000,0.0000
22.600,1.6448,-0.0012,0.0020,0.0293,0.20,0.0000,0.0000,0.0000
22.650,1.6433,-0.0012,0.0020,0.0293,0.20,0.0000,0.0000,0.0000
22.700,1.6418,-0.0012,0.0021,0.0293,0.20,0.0000,0.0000,0.0000
22.750,1.6404,-0.0012,0.0021,0.0293,0.20,0.0000,0.0000,0.0000
22.800,1.6389,-0.0012,0.0021,0.0293,0.20,0.0000,0.0000,0.0000
22.850,1.6374,-0.0012,0.0021,0.0293,0.20,0.0000,0.0000,0.0000
22.900,1.6360,-0.0012,0.0021,0.0293,0.20,0.0000,0.0000,0.0000
22.950,1.6345,-0.0012,0.0021,0.0293,0.20,0.0000,0.0000,0.0000
23.000,1.6330,-0.0012,0.0021,0.0293,0.20,0.0000,0.0000,0.0000
23.050,1.6316,-0.0012,0.0021,0.0293,0.20,0.0000,0.0000,0.0000
23.100,1.6301,-0.0012,0.0021,0.0293,0.20,0.0000,0.0000,0.0000
23.150,1.6287,-0.0012,0.0021,0.0293,0.20,0.0000,0.0000,0.0000
23.200,1.6272,-0.0013,0.0021,0.0293,0.20,0.0000,0.0000,0.0000
23.250,1.6257,-0.0013,0.0021,0.0293,0.20,0.0000,0.0000,0.0000
23.300,1.6243,-0.0013,0.0021,0.0293,0.20,0.0000,0.0000,0.0000
23.350,1.6228,-0.0013,0.0021,0.0293,0.20,0.0000,0.0000,0.0000
23.400,1.6213,-0.0013,0.0021,0.0293,0.20,0.0000,0.0000,0.0000
23.450,1.6199,-0.0013,0.0021,0.0293,0.20,0.0000,0.0000,0.0000
23.500,1.6184,-0.0013,0.0021,0.0293,0.20,0.0000,0.0000,0.0000
23.550,1.6169,-0.0013,0.0021,0.0293,0.20,0.0000,0.0000,0.0000
23.600,1.6155,-0.0013,0.0021,0.0293,0.20,0.0000,0.0000,0.0000
23.650,1.6140,-0.0013,0.0021,0.0293,0.20,0.0000,0.0000,0.0000
23.700,1.6126,-0.0013,0.0021,0.0293,0.20,0.0000,0.0000,0.0000
23.750,1.6111,-0.0013,0.0021,0.0293,0.20,0.0000,0.0000,0.0000
23.800,1.6096,-0.0013,0.0021,0.0293,0.20,0.0000,0.0000,0.0000
23.850,1.6082,-0.0013,0.0021,0.0293,0.20,0.0000,0.0000,0.0000
23.900,1.6067,-0.0013,0.0021,0.0293,0.20,0.0000,0.0000,0.0000
23.950,1.6052,-0.0013,0.0021,0.0293,0.20,0.0000,0.0000,0.0000
24.000,1.6038,-0.0013,0.0021,0.0293,0.20,0.0000,0.0000,0.0000
24.050,1.6023,-0.0013,0.0021,0.0293,0.20,0.0000,0.0000,0.0000
24.100,1.6009,-0.0013,0.0021,0.0293,0.20,0.0000,0.0000,0.0000
24.150,1.5994,-0.0013,0.0021,0.0293,0.20,0.0000,0.0000,0.0000
24.200,1.5979,-0.0013,0.0021,0.0293,0.20,0.0000,0.0000,0.0000
24.250,1.5965,-0.0013,0.0021,0.0293,0.20,0.0000,0.0000,0.0000
24.300,1.5950,-0.0013,0.0021,0.0293,0.20,0.0000,0.0000,0.0000
24.350,1.5935,-0.0013,0.0021,0.0293,0.20,0.0000,0.0000,0.0000
24.400,1.5921,-0.0013,0.0021,0.0293,0.20,0.0000,0.0000,0.0000
24.450,1.5906,-0.0013,0.0021,0.0293,0.20,0.0000,0.0000,0.0000
24.500,1.5891,-0.0013,0.0021,0.0293,0.20,0.0000,0.0000,0.0000
24.550,1.5877,-0.0013,0.0021,0.0293,0.20,0.0000,0.0000,0.0000
24.600,1.5862,-0.0013,0.0021,0.0293,0.20,0.0000,0.0000,0.0000
24.650,1.5848,-0.0013,0.0021,0.0293,0.20,0.0000,0.0000,0.0000
24.700,1.5833,-0.0013,0.0021,0.0293,0.20,0.0000,0.0000,0.0000
24.750,1.5818,-0.0013,0.0021,0.0293,0.20,0.0000,0.0000,0.0000
24.800,1.5804,-0.0013,0.0021,0.0293,0.20,0.0000,0.0000,0.0000
24.850,1.5789,-0.0013,0.0021,0.0293,0.20,0.0000,0.0000,0.0000
24.900,1.5774,-0.0014,0.0021,0.0293,0.20,0.0000,0.0000,0.0000
24.950,1.5760,-0.0014,0.0021,0.0293,0.20,0.0000,0.0000,0.0000
25.000,1.5745,-0.0014,0.0021,0.0293,0.20,0.0000,0.0000,0.0000
25.050,1.5731,-0.0014,0.0021,0.0293,0.20,0.0000,0.0000,0.0000
25.100,1.5716,-0.0014,0.0021,0.0293,0.20,0.0000,0.0000,0.0000
25.150,1.5701,-0.0014,0.0021,0.0293,0.20,0.0000,0.0000,0.0000
25.200,1.5687,-0.0014,0.0021,0.0293,0.20,0.0000,0.0000,0.0000
25.250,1.5672,-0.0014,0.0021,0.0293,0.20,0.0000,0.0000,0.0000
25.300,1.5657,-0.0014,0.0021,0.0293,0.20,0.0000,0.0000,0.0000
25.350,1.5643,-0.0014,0.0021,0.0293,0.20,0.0000,0.0000,0.0000
25.400,1.5628,-0.0014,0.0021,0.0293,0.20,0.0000,0.0000,0.0000
25.450,1.5613,-0.0014,0.0021,0.0293,0.20,0.0000,0.0000,0.0000
25.500,1.5599,-0.0014,0.0021,0.0293,0.20,0.0000,0.0000,0.0000
25.550,1.5584,-0.0014,0.0021,0.0293,0.20,0.0000,0.0000,0.0000
25.600,1.5570,-0.0014,0.0021,0.0293,0.20,0.0000,0.0000,0.0000
25.650,1.5555,-0.0014,0.0021,0.0293,0.20,0.0000,0.0000,0.0000
25.700,1.5540,-0.0014,0.0022,0.0293,0.20,0.0000,0.0000,0.0000
25.750,1.5526,-0.0014,0.0022,0.0293,0.20,0.0000,0.0000,0.0000
25.800,1.5511,-0.0014,0.0022,0.0293,0.20,0.0000,0.0000,0.0000
25.850,1.5496,-0.0014,0.0022,0.0293,0.20,0.0000,0.0000,0.0000
25.900,1.5482,-0.0014,0.0022,0.0293,0.20,0.0000,0.0000,0.0000
25.950,1.5467,-0.0014,0.0022,0.0293,0.20,0.0000,0.0000,0.0000
26.000,1.5452,-0.0014,0.0022,0.0293,0.20,0.0000,0.0000,0.0000
26.050,1.5438,-0.0014,0.0022,0.0293,0.20,0.0000,0.0000,0.0000
26.100,1.5423,-0.0014,0.0022,0.0293,0.20,0.0000,0.0000,0.0000
26.150,1.5409,-0.0014,0.0022,0.0293,0.20,0.0000,0.0000,0.0000
26.200,1.5394,-0.0014,0.0022,0.0293,0.20,0.0000,0.0000,0.0000
26.250,1.5379,-0.0014,0.0022,0.0293,0.20,0.0000,0.0000,0.0000
26.300,1.5365,-0.0014,0.0022,0.0293,0.20,0.0000,0.0000,0.0000
26.350,1.5350,-0.0014,0.0022,0.0293,0.20,0.0000,0.0000,0.0000
26.400,1.5335,-0.0014,0.0022,0.0293,0.20,0.0000,0.0000,0.0000
26.450,1.5321,-0.0014,0.0022,0.0293,0.20,0.0000,0.0000,0.0000
26.500,1.5306,-0.0015,0.0022,0.0293,0.20,0.0000,0.0000,0.0000
26.550,1.5292,-0.0015,0.0022,0.0293,0.20,0.0000,0.0000,0.0000
26.600,1.5277,-0.0015,0.0022,0.0293,0.20,0.0000,0.0000,0.0000
26.650,1.5262,-0.0015,0.0022,0.0293,0.20,0.0000,0.0000,0.0000
26.700,1.5248,-0.0015,0.0022,0.0293,0.20,0.0000,0.0000,0.0000
26.750,1.5233,-0.0015,0.0022,0.0293,0.20,0.0000,0.0000,0.0000
26.800,1.5218,-0.0015,0.0022,0.0293,0.20,0.0000,0.0000,0.0000
26.850,1.5204,-0.0015,0.0022,0.0293,0.20,0.0000,0.0000,0.0000
26.900,1.5189,-0.0015,0.0022,0.0293,0.20,0.0000,0.0000,0.0000
26.950,1.5175,-0.0015,0.0022,0.0293,0.20,0.0000,0.0000,0.0000
27.000,1.5160,-0.0015,0.0022,0.0293,0.20,0.0000,0.0000,0.0000
27.050,1.5145,-0.0015,0.0022,0.0293,0.20,0.0000,0.0000,0.0000
27.100,1.5131,-0.0015,0.0022,0.0293,0.20,0.0000,0.0000,0.0000
27.150,1.5116,-0.0015,0.0022,0.0293,0.20,0.0000,0.0000,0.0000
27.200,1.5101,-0.0015,0.0022,0.0293,0.20,0.0000,0.0000,0.0000
27.250,1.5087,-0.0015,0.0022,0.0293,0.20,0.0000,0.0000,0.0000
27.300,1.5072,-0.0015,0.0022,0.0293,0.20,0.0000,0.0000,0.0000
27.350,1.5057,-0.0015,0.0023,0.0293,0.20,0.0000,0.0000,0.0000
27.400,1.5043,-0.0015,0.0023,0.0293,0.20,0.0000,0.0000,0.0000
27.450,1.5028,-0.0015,0.0023,0.0293,0.20,0.0000,0.0000,0.0000
27.500,1.5014,-0.0015,0.0023,0.0293,0.20,0.0000,0.0000,0.0000
27.550,1.4999,-0.0015,0.0023,0.0293,0.20,0.0000,0.0000,0.0000
27.600,1.4984,-0.0015,0.0023,0.0293,0.20,0.0000,0.0000,0.0000
27.650,1.4970,-0.0015,0.0023,0.0293,0.20,0.0000,0.0000,0.0000
27.700,1.4955,-0.0015,0.0023,0.0293,0.20,0.0000,0.0000,0.0000
27.750,1.4940,-0.0015,0.0023,0.0293,0.20,0.0000,0.0000,0.0000
27.800,1.4926,-0.0015,0.0023,0.0293,0.20,0.0000,0.0000,0.0000
27.850,1.4911,-0.0015,0.0023,0.0293,0.20,0.0000,0.0000,0.0000
27.900,1.4897,-0.0015,0.0023,0.0293,0.20,0.0000,0.0000,0.0000
27.950,1.4882,-0.0015,0.0023,0.0293,0.20,0.0000,0.0000,0.0000
28.000,1.4867,-0.0015,0.0023,0.0293,0.20,0.0000,0.0000,0.0000
28.050,1.4853,-0.0016,0.0023,0.0293,0.20,0.0000,0.0000,0.0000
28.100,1.4838,-0.0016,0.0023,0.0292,0.20,0.0000,0.0000,0.0000
28.150,1.4823,-0.0016,0.0023,0.0292,0.20,0.0000,0.0000,0.0000
28.200,1.4809,-0.0016,0.0023,0.0292,0.20,0.0000,0.0000,0.0000
28.250,1.4794,-0.0016,0.0023,0.0292,0.20,0.0000,0.0000,0.0000
28.300,1.4780,-0.0016,0.0023,0.0292,0.20,0.0000,0.0000,0.0000
28.350,1.4765,-0.0016,0.0023,0.0292,0.20,0.0000,0.0000,0.0000
28.400,1.4750,-0.0016,0.0023,0.0292,0.20,0.0000,0.0000,0.0000
28.450,1.4736,-0.0016,0.0023,0.0292,0.20,0.0000,0.0000,0.0000
28.500,1.4721,-0.0016,0.0023,0.0292,0.20,0.0000,0.0000,0.0000
28.550,1.4706,-0.0016,0.0023,0.0292,0.20,0.0000,0.0000,0.0000
28.600,1.4692,-0.0016,0.0024,0.0292,0.20,0.0000,0.0000,0.0000
28.650,1.4677,-0.0016,0.0024,0.0292,0.20,0.0000,0.0000,0.0000
28.700,1.4663,-0.0016,0.0024,0.0292,0.20,0.0000,0.0000,0.0000
28.750,1.4648,-0.0016,0.0024,0.0292,0.20,0.0000,0.0000,0.0000
28.800,1.4633,-0.0016,0.0024,0.0292,0.20,0.0000,0.0000,0.0000
28.850,1.4619,-0.0016,0.0024,0.0292,0.20,0.0000,0.0000,0.0000
28.900,1.4604,-0.0016,0.0024,0.0292,0.20,0.0000,0.0000,0.0000
28.950,1.4589,-0.0016,0.0024,0.0292,0.20,0.0000,0.0000,0.0000
29.000,1.4575,-0.0016,0.0024,0.0292,0.20,0.0000,0.0000,0.0000
29.050,1.4560,-0.0016,0.0024,0.0292,0.20,0.0000,0.0000,0.0000
29.100,1.4546,-0.0016,0.0024,0.0292,0.20,0.0000,0.0000,0.0000
29.150,1.4531,-0.0016,0.0024,0.0292,0.20,0.0000,0.0000,0.0000
29.200,1.4516,-0.0016,0.0024,0.0292,0.20,0.0000,0.0000,0.0000
29.250,1.4502,-0.0016,0.0024,0.0292,0.20,0.0000,0.0000,0.0000
29.300,1.4487,-0.0016,0.0024,0.0292,0.20,0.0000,0.0000,0.0000
29.350,1.4472,-0.0016,0.0024,0.0292,0.20,0.0000,0.0000,0.0000
29.400,1.4458,-0.0016,0.0024,0.0292,0.20,0.0000,0.0000,0.0000
29.450,1.4443,-0.0017,0.0024,0.0292,0.20,0.0000,0.0000,0.0000
29.500,1.4429,-0.0017,0.0024,0.0292,0.20,0.0000,0.0000,0.0000
29.550,1.4414,-0.0017,0.0024,0.0292,0.20,0.0000,0.0000,0.0000
29.600,1.4399,-0.0017,0.0024,0.0292,0.20,0.0000,0.0000,0.0000
29.650,1.4385,-0.0017,0.0025,0.0292,0.20,0.0000,0.0000,0.0000
29.700,1.4370,-0.0017,0.0025,0.0292,0.20,0.0000,0.0000,0.0000
29.750,1.4355,-0.0017,0.0025,0.0292,0.20,0.0000,0.0000,0.0000
29.800,1.4341,-0.0017,0.0025,0.0292,0.20,0.0000,0.0000,0.0000
29.850,1.4326,-0.0017,0.0025,0.0292,0.20,0.0000,0.0000,0.0000
29.900,1.4312,-0.0017,0.0025,0.0292,0.20,0.0000,0.0000,0.0000
29.950,1.4297,-0.0017,0.0025,0.0292,0.20,0.0000,0.0000,0.0000
30.000,1.4282,-0.0017,0.0025,0.0293,0.20,0.0000,0.0000,0.0000
30.050,1.4268,-0.0017,0.0025,0.0293,0.20,0.0000,0.0000,0.0000
30.100,1.4253,-0.0017,0.0025,0.0293,0.20,0.0000,0.0000,0.0000
30.150,1.4238,-0.0017,0.0025,0.0293,0.20,0.0000,0.0000,0.0000
30.200,1.4224,-0.0017,0.0025,0.0293,0.20,0.0000,0.0000,0.0000
30.250,1.4209,-0.0017,0.0025,0.0293,0.20,0.0000,0.0000,0.0000
30.300,1.4195,-0.0017,0.0025,0.0293,0.20,0.0000,0.0000,0.0000
30.350,1.4180,-0.0017,0.0025,0.0293,0.20,0.0000,0.0000,0.0000
30.400,1.4165,-0.0017,0.0025,0.0293,0.20,0.0000,0.0000,0.0000
30.450,1.4151,-0.0017,0.0025,0.0293,0.20,0.0000,0.0000,0.0000
30.500,1.4136,-0.0017,0.0025,0.0293,0.20,0.0000,0.0000,0.0000
30.550,1.4121,-0.0017,0.0025,0.0293,0.20,0.0000,0.0000,0.0000
30.600,1.4107,-0.0017,0.0025,0.0293,0.20,0.0000,0.0000,0.0000
30.650,1.4092,-0.0017,0.0025,0.0293,0.20,0.0000,0.0000,0.0000
30.700,1.4078,-0.0017,0.0026,0.0293,0.20,0.0000,0.0000,0.0000
30.750,1.4063,-0.0018,0.0026,0.0293,0.20,0.0000,0.0000,0.0000
30.800,1.4048,-0.0018,0.0026,0.0293,0.20,0.0000,0.0000,0.0000
30.850,1.4034,-0.0018,0.0026,0.0293,0.20,0.0000,0.0000,0.0000
30.900,1.4019,-0.0018,0.0026,0.0293,0.20,0.0000,0.0000,0.0000
30.950,1.4004,-0.0018,0.0026,0.0293,0.20,0.0000,0.0000,0.0000
31.000,1.3990,-0.0018,0.0026,0.0293,0.20,0.0000,0.0000,0.0000
31.050,1.3975,-0.0018,0.0026,0.0293,0.20,0.0000,0.0000,0.0000
31.100,1.3961,-0.0018,0.0026,0.0293,0.20,0.0000,0.0000,0.0000
31.150,1.3946,-0.0018,0.0026,0.0293,0.20,0.0000,0.0000,0.0000
31.200,1.3931,-0.0018,0.0026,0.0293,0.20,0.0000,0.0000,0.0000
31.250,1.3917,-0.0018,0.0026,0.0293,0.20,0.0000,0.0000,0.0000
31.300,1.3902,-0.0018,0.0026,0.0293,0.20,0.0000,0.0000,0.0000
31.350,1.3887,-0.0018,0.0026,0.0293,0.20,0.0000,0.0000,0.0000
31.400,1.3873,-0.0018,0.0026,0.0293,0.20,0.0000,0.0000,0.0000
31.450,1.3858,-0.0018,0.0026,0.0293,0.20,0.0000,0.0000,0.0000
31.500,1.3844,-0.0018,0.0026,0.0293,0.20,0.0000,0.0000,0.0000
31.550,1.3829,-0.0018,0.0026,0.0293,0.20,0.0000,0.0000,0.0000
31.600,1.3814,-0.0018,0.0026,0.0293,0.20,0.0000,0.0000,0.0000
31.650,1.3800,-0.0018,0.0026,0.0293,0.20,0.0000,0.0000,0.0000
31.700,1.3785,-0.0018,0.0026,0.0293,0.20,0.0000,0.0000,0.0000
31.750,1.3770,-0.0018,0.0026,0.0293,0.20,0.0000,0.0000,0.0000
31.800,1.3756,-0.0018,0.0026,0.0293,0.20,0.0000,0.0000,0.0000
31.850,1.3741,-0.0018,0.0026,0.0293,0.20,0.0000,0.0000,0.0000
31.900,1.3726,-0.0018,0.0026,0.0293,0.20,0.0000,0.0000,0.0000
31.950,1.3712,-0.0018,0.0026,0.0293,0.20,0.0000,0.0000,0.0000
32.000,1.3697,-0.0018,0.0026,0.0293,0.20,0.0000,0.0000,0.0000
32.050,1.3683,-0.0018,0.0026,0.0293,0.20,0.0000,0.0000,0.0000
32.100,1.3668,-0.0019,0.0026,0.0293,0.20,0.0000,0.0000,0.0000
32.150,1.3653,-0.0019,0.0026,0.0293,0.20,0.0000,0.0000,0.0000
32.200,1.3639,-0.0019,0.0026,0.0293,0.20,0.0000,0.0000,0.0000
32.250,1.3624,-0.0019,0.0026,0.0293,0.20,0.0000,0.0000,0.0000
32.300,1.3609,-0.0019,0.0026,0.0293,0.20,0.0000,0.0000,0.0000
32.350,1.3595,-0.0019,0.0026,0.0293,0.20,0.0000,0.0000,0.0000
32.400,1.3580,-0.0019,0.0026,0.0293,0.20,0.0000,0.0000,0.0000
32.450,1.3566,-0.0019,0.0026,0.0293,0.20,0.0000,0.0000,0.0000
32.500,1.3551,-0.0019,0.0027,0.0293,0.20,0.0000,0.0000,0.0000
32.550,1.3536,-0.0019,0.0027,0.0293,0.20,0.0000,0.0000,0.0000
32.600,1.3522,-0.0019,0.0027,0.0293,0.20,0.0000,0.0000,0.0000
32.650,1.3507,-0.0019,0.0027,0.0293,0.20,0.0000,0.0000,0.0000
32.700,1.3492,-0.0019,0.0027,0.0293,0.20,0.0000,0.0000,0.0000
32.750,1.3478,-0.0019,0.0027,0.0293,0.20,0.0000,0.0000,0.0000
32.800,1.3463,-0.0019,0.0027,0.0293,0.20,0.0000,0.0000,0.0000
32.850,1.3448,-0.0019,0.0027,0.0293,0.20,0.0000,0.0000,0.0000
32.900,1.3434,-0.0019,0.0027,0.0293,0.20,0.0000,0.0000,0.0000
32.950,1.3419,-0.0019,0.0027,0.0293,0.20,0.0000,0.0000,0.0000
33.000,1.3405,-0.0019,0.0027,0.0293,0.20,0.0000,0.0000,0.0000
33.050,1.3390,-0.0019,0.0027,0.0293,0.20,0.0000,0.0000,0.0000
33.100,1.3375,-0.0019,0.0027,0.0293,0.20,0.0000,0.0000,0.0000
33.150,1.3361,-0.0019,0.0027,0.0293,0.20,0.0000,0.0000,0.0000
33.200,1.3346,-0.0019,0.0027,0.0293,0.20,0.0000,0.0000,0.0000
33.250,1.3331,-0.0019,0.0027,0.0293,0.20,0.0000,0.0000,0.0000
33.300,1.3317,-0.0019,0.0027,0.0293,0.20,0.0000,0.0000,0.0000
33.350,1.3302,-0.0019,0.0027,0.0293,0.20,0.0000,0.0000,0.0000
33.400,1.3288,-0.0020,0.0027,0.0293,0.20,0.0000,0.0000,0.0000
33.450,1.3273,-0.0020,0.0027,0.0293,0.20,0.0000,0.0000,0.0000
33.500,1.3258,-0.0020,0.0027,0.0293,0.20,0.0000,0.0000,0.0000
33.550,1.3244,-0.0020,0.0027,0.0293,0.20,0.0000,0.0000,0.0000
33.600,1.3229,-0.0020,0.0027,0.0293,0.20,0.0000,0.0000,0.0000
33.650,1.3214,-0.0020,0.0027,0.0293,0.20,0.0000,0.0000,0.0000
33.700,1.3200,-0.0020,0.0027,0.0293,0.20,0.0000,0.0000,0.0000
33.750,1.3185,-0.0020,0.0027,0.0293,0.20,0.0000,0.0000,0.0000
33.800,1.3171,-0.0020,0.0027,0.0293,0.20,0.0000,0.0000,0.0000
33.850,1.3156,-0.0020,0.0027,0.0293,0.20,0.0000,0.0000,0.0000
33.900,1.3141,-0.0020,0.0027,0.0293,0.20,0.0000,0.0000,0.0000
33.950,1.3127,-0.0020,0.0027,0.0293,0.20,0.0000,0.0000,0.0000
34.000,1.3112,-0.0020,0.0028,0.0293,0.20,0.0000,0.0000,0.0000
34.050,1.3097,-0.0020,0.0028,0.0293,0.20,0.0000,0.0000,0.0000
34.100,1.3083,-0.0020,0.0028,0.0293,0.20,0.0000,0.0000,0.0000
34.150,1.3068,-0.0020,0.0028,0.0293,0.20,0.0000,0.0000,0.0000
34.200,1.3053,-0.0020,0.0028,0.0293,0.20,0.0000,0.0000,0.0000
34.250,1.3039,-0.0020,0.0028,0.0293,0.20,0.0000,0.0000,0.0000
34.300,1.3024,-0.0020,0.0028,0.0293,0.20,0.0000,0.0000,0.0000
34.350,1.3010,-0.0020,0.0028,0.0293,0.20,0.0000,0.0000,0.0000
34.400,1.2995,-0.0020,0.0028,0.0293,0.20,0.0000,0.0000,0.0000
34.450,1.2980,-0.0020,0.0028,0.0293,0.20,0.0000,0.0000,0.0000
34.500,1.2966,-0.0020,0.0028,0.0293,0.20,0.0000,0.0000,0.0000
34.550,1.2951,-0.0020,0.0028,0.0293,0.20,0.0000,0.0000,0.0000
34.600,1.2936,-0.0020,0.0028,0.0293,0.20,0.0000,0.0000,0.0000
34.650,1.2922,-0.0021,0.0028,0.0293,0.20,0.0000,0.0000,0.0000
34.700,1.2907,-0.0021,0.0028,0.0293,0.20,0.0000,0.0000,0.0000
34.750,1.2893,-0.0021,0.0028,0.0293,0.20,0.0000,0.0000,0.0000
34.800,1.2878,-0.0021,0.0028,0.0293,0.20,0.0000,0.0000,0.0000
34.850,1.2863,-0.0021,0.0028,0.0293,0.20,0.0000,0.0000,0.0000
34.900,1.2849,-0.0021,0.0028,0.0293,0.20,0.0000,0.0000,0.0000
34.950,1.2834,-0.0021,0.0028,0.0293,0.20,0.0000,0.0000,0.0000
35.000,1.2819,-0.0021,0.0028,0.0293,0.20,0.0000,0.0000,0.0000
35.050,1.2805,-0.0021,0.0028,0.0293,0.20,0.0000,0.0000,0.0000
35.100,1.2790,-0.0021,0.0028,0.0293,0.20,0.0000,0.0000,0.0000
35.150,1.2775,-0.0021,0.0028,0.0293,0.20,0.0000,0.0000,0.0000
35.200,1.2761,-0.0021,0.0028,0.0293,0.20,0.0000,0.0000,0.0000
35.250,1.2746,-0.0021,0.0028,0.0293,0.20,0.0000,0.0000,0.0000
35.300,1.2732,-0.0021,0.0028,0.0293,0.20,0.0000,0.0000,0.0000
35.350,1.2717,-0.0021,0.0028,0.0293,0.20,0.0000,0.0000,0.0000
35.400,1.2702,-0.0021,0.0028,0.0293,0.20,0.0000,0.0000,0.0000
35.450,1.2688,-0.0021,0.0029,0.0293,0.20,0.0000,0.0000,0.0000
35.500,1.2673,-0.0021,0.0029,0.0293,0.20,0.0000,0.0000,0.0000
35.550,1.2658,-0.0021,0.0029,0.0293,0.20,0.0000,0.0000,0.0000
35.600,1.2644,-0.0021,0.0029,0.0293,0.20,0.0000,0.0000,0.0000
35.650,1.2629,-0.0021,0.0029,0.0293,0.20,0.0000,0.0000,0.0000
35.700,1.2615,-0.0021,0.0029,0.0293,0.20,0.0000,0.0000,0.0000
35.750,1.2600,-0.0021,0.0029,0.0293,0.20,0.0000,0.0000,0.0000
35.800,1.2585,-0.0021,0.0029,0.0293,0.20,0.0000,0.0000,0.0000
35.850,1.2571,-0.0022,0.0029,0.0293,0.20,0.0000,0.0000,0.0000
35.900,1.2556,-0.0022,0.0029,0.0293,0.20,0.0000,0.0000,0.0000
35.950,1.2541,-0.0022,0.0029,0.0293,0.20,0.0000,0.0000,0.0000
36.000,1.2527,-0.0022,0.0029,0.0293,0.20,0.0000,0.0000,0.0000
36.050,1.2512,-0.0022,0.0029,0.0293,0.20,0.0000,0.0000,0.0000
36.100,1.2497,-0.0022,0.0029,0.0293,0.20,0.0000,0.0000,0.0000
36.150,1.2483,-0.0022,0.0029,0.0293,0.20,0.0000,0.0000,0.0000
36.200,1.2468,-0.0022,0.0029,0.0293,0.20,0.0000,0.0000,0.0000
36.250,1.2454,-0.0022,0.0029,0.0293,0.20,0.0000,0.0000,0.0000
36.300,1.2439,-0.0022,0.0029,0.0293,0.20,0.0000,0.0000,0.0000
36.350,1.2424,-0.0022,0.0029,0.0293,0.20,0.0000,0.0000,0.0000
36.400,1.2410,-0.0022,0.0029,0.0293,0.20,0.0000,0.0000,0.0000
36.450,1.2395,-0.0022,0.0029,0.0293,0.20,0.0000,0.0000,0.0000
36.500,1.2380,-0.0022,0.0029,0.0293,0.20,0.0000,0.0000,0.0000
36.550,1.2366,-0.0022,0.0029,0.0293,0.20,0.0000,0.0000,0.0000
36.600,1.2351,-0.0022,0.0029,0.0293,0.20,0.0000,0.0000,0.0000
36.650,1.2336,-0.0022,0.0029,0.0293,0.20,0.0000,0.0000,0.0000
36.700,1.2322,-0.0022,0.0029,0.0293,0.20,0.0000,0.0000,0.0000
36.750,1.2307,-0.0022,0.0029,0.0293,0.20,0.0000,0.0000,0.0000
36.800,1.2293,-0.0022,0.0029,0.0293,0.20,0.0000,0.0000,0.0000
36.850,1.2278,-0.0022,0.0029,0.0293,0.20,0.0000,0.0000,0.0000
36.900,1.2263,-0.0022,0.0029,0.0293,0.20,0.0000,0.0000,0.0000
36.950,1.2249,-0.0022,0.0029,0.0293,0.20,0.0000,0.0000,0.0000
37.000,1.2234,-0.0022,0.0029,0.0293,0.20,0.0000,0.0000,0.0000
37.050,1.2219,-0.0023,0.0029,0.0293,0.20,0.0000,0.0000,0.0000
37.100,1.2205,-0.0023,0.0029,0.0293,0.20,0.0000,0.0000,0.0000
37.150,1.2190,-0.0023,0.0029,0.0293,0.20,0.0000,0.0000,0.0000
37.200,1.2175,-0.0023,0.0029,0.0293,0.20,0.0000,0.0000,0.0000
37.250,1.2161,-0.0023,0.0029,0.0293,0.20,0.0000,0.0000,0.0000
37.300,1.2146,-0.0023,0.0029,0.0293,0.20,0.0000,0.0000,0.0000
37.350,1.2132,-0.0023,0.0029,0.0293,0.20,0.0000,0.0000,0.0000
37.400,1.2117,-0.0023,0.0029,0.0293,0.20,0.0000,0.0000,0.0000
37.450,1.2102,-0.0023,0.0029,0.0293,0.20,0.0000,0.0000,0.0000
37.500,1.2088,-0.0023,0.0029,0.0293,0.20,0.0000,0.0000,0.0000
37.550,1.2073,-0.0023,0.0029,0.0293,0.20,0.0000,0.0000,0.0000
37.600,1.2058,-0.0023,0.0029,0.0293,0.20,0.0000,0.0000,0.0000
37.650,1.2044,-0.0023,0.0029,0.0293,0.20,0.0000,0.0000,0.0000
37.700,1.2029,-0.0023,0.0029,0.0293,0.20,0.0000,0.0000,0.0000
37.750,1.2014,-0.0023,0.0029,0.0293,0.20,0.0000,0.0000,0.0000
37.800,1.2000,-0.0023,0.0029,0.0293,0.20,0.0000,0.0000,0.0000
37.850,1.1985,-0.0023,0.0029,0.0293,0.20,0.0000,0.0000,0.0000
37.900,1.1971,-0.0023,0.0029,0.0293,0.20,0.0000,0.0000,0.0000
37.950,1.1956,-0.0023,0.0030,0.0293,0.20,0.0000,0.0000,0.0000
38.000,1.1941,-0.0023,0.0030,0.0293,0.20,0.0000,0.0000,0.0000
38.050,1.1927,-0.0023,0.0030,0.0293,0.20,0.0000,0.0000,0.0000
38.100,1.1912,-0.0023,0.0030,0.0293,0.20,0.0000,0.0000,0.0000
38.150,1.1897,-0.0023,0.0030,0.0293,0.20,0.0000,0.0000,0.0000
38.200,1.1883,-0.0024,0.0030,0.0293,0.20,0.0000,0.0000,0.0000
38.250,1.1868,-0.0024,0.0030,0.0293,0.20,0.0000,0.0000,0.0000
38.300,1.1853,-0.0024,0.0030,0.0293,0.20,0.0000,0.0000,0.0000
38.350,1.1839,-0.0024,0.0030,0.0293,0.20,0.0000,0.0000,0.0000
38.400,1.1824,-0.0024,0.0030,0.0293,0.20,0.0000,0.0000,0.0000
38.450,1.1810,-0.0024,0.0030,0.0293,0.20,0.0000,0.0000,0.0000
38.500,1.1795,-0.0024,0.0030,0.0293,0.20,0.0000,0.0000,0.0000
38.550,1.1780,-0.0024,0.0030,0.0293,0.20,0.0000,0.0000,0.0000
38.600,1.1766,-0.0024,0.0030,0.0293,0.20,0.0000,0.0000,0.0000
38.650,1.1751,-0.0024,0.0030,0.0293,0.20,0.0000,0.0000,0.0000
38.700,1.1736,-0.0024,0.0030,0.0293,0.20,0.0000,0.0000,0.0000
38.750,1.1722,-0.0024,0.0030,0.0293,0.20,0.0000,0.0000,0.0000
38.800,1.1707,-0.0024,0.0030,0.0293,0.20,0.0000,0.0000,0.0000
38.850,1.1693,-0.0024,0.0030,0.0293,0.20,0.0000,0.0000,0.0000
38.900,1.1678,-0.0024,0.0030,0.0293,0.20,0.0000,0.0000,0.0000
38.950,1.1663,-0.0024,0.0030,0.0293,0.20,0.0000,0.0000,0.0000
39.000,1.1649,-0.0024,0.0030,0.0293,0.20,0.0000,0.0000,0.0000
39.050,1.1634,-0.0024,0.0030,0.0293,0.20,0.0000,0.0000,0.0000
39.100,1.1619,-0.0024,0.0030,0.0293,0.20,0.0000,0.0000,0.0000
39.150,1.1605,-0.0024,0.0030,0.0293,0.20,0.0000,0.0000,0.0000
39.200,1.1590,-0.0024,0.0030,0.0293,0.20,0.0000,0.0000,0.0000
39.250,1.1575,-0.0024,0.0030,0.0293,0.20,0.0000,0.0000,0.0000
39.300,1.1561,-0.0024,0.0030,0.0293,0.20,0.0000,0.0000,0.0000
39.350,1.1546,-0.0024,0.0030,0.0293,0.20,0.0000,0.0000,0.0000
39.400,1.1532,-0.0025,0.0030,0.0293,0.20,0.0000,0.0000,0.0000
39.450,1.1517,-0.0025,0.0030,0.0293,0.20,0.0000,0.0000,0.0000
39.500,1.1502,-0.0025,0.0030,0.0293,0.20,0.0000,0.0000,0.0000
39.550,1.1488,-0.0025,0.0030,0.0293,0.20,0.0000,0.0000,0.0000
39.600,1.1473,-0.0025,0.0030,0.0293,0.20,0.0000,0.0000,0.0000
39.650,1.1458,-0.0025,0.0030,0.0293,0.20,0.0000,0.0000,0.0000
39.700,1.1444,-0.0025,0.0030,0.0293,0.20,0.0000,0.0000,0.0000
39.750,1.1429,-0.0025,0.0030,0.0293,0.20,0.0000,0.0000,0.0000
39.800,1.1414,-0.0025,0.0030,0.0293,0.20,0.0000,0.0000,0.0000
39.850,1.1400,-0.0025,0.0030,0.0293,0.20,0.0000,0.0000,0.0000
39.900,1.1385,-0.0025,0.0030,0.0293,0.20,0.0000,0.0000,0.0000
39.950,1.1371,-0.0025,0.0030,0.0293,0.20,0.0000,0.0000,0.0000
40.000,1.1356,-0.0025,0.0030,0.0293,0.20,0.0000,0.0000,0.0000
40.050,1.1341,-0.0025,0.0030,0.0293,0.20,0.0000,0.0000,0.0000
40.100,1.1327,-0.0025,0.0030,0.0293,0.20,0.0000,0.0000,0.0000
40.150,1.1312,-0.0025,0.0030,0.0293,0.20,0.0000,0.0000,0.0000
40.200,1.1297,-0.0025,0.0030,0.0293,0.20,0.0000,0.0000,0.0000
40.250,1.1283,-0.0025,0.0030,0.0293,0.20,0.0000,0.0000,0.0000
40.300,1.1268,-0.0025,0.0030,0.0293,0.20,0.0000,0.0000,0.0000
40.350,1.1253,-0.0025,0.0030,0.0293,0.20,0.0000,0.0000,0.0000
40.400,1.1239,-0.0025,0.0030,0.0293,0.20,0.0000,0.0000,0.0000
40.450,1.1224,-0.0025,0.0030,0.0293,0.20,0.0000,0.0000,0.0000
40.500,1.1210,-0.0025,0.0030,0.0293,0.20,0.0000,0.0000,0.0000
40.550,1.1195,-0.0026,0.0030,0.0293,0.20,0.0000,0.0000,0.0000
40.600,1.1180,-0.0026,0.0030,0.0293,0.20,0.0000,0.0000,0.0000
40.650,1.1166,-0.0026,0.0030,0.0293,0.20,0.0000,0.0000,0.0000
40.700,1.1151,-0.0026,0.0030,0.0293,0.20,0.0000,0.0000,0.0000
40.750,1.1136,-0.0026,0.0030,0.0293,0.20,0.0000,0.0000,0.0000
40.800,1.1122,-0.0026,0.0030,0.0293,0.20,0.0000,0.0000,0.0000
40.850,1.1107,-0.0026,0.0030,0.0293,0.20,0.0000,0.0000,0.0000
40.900,1.1092,-0.0026,0.0030,0.0293,0.20,0.0000,0.0000,0.0000
40.950,1.1078,-0.0026,0.0030,0.0293,0.20,0.0000,0.0000,0.0000
41.000,1.1063,-0.0026,0.0030,0.0293,0.20,0.0000,0.0000,0.0000
41.050,1.1049,-0.0026,0.0030,0.0293,0.20,0.0000,0.0000,0.0000
41.100,1.1034,-0.0026,0.0030,0.0293,0.20,0.0000,0.0000,0.0000
41.150,1.1019,-0.0026,0.0030,0.0293,0.20,0.0000,0.0000,0.0000
41.200,1.1005,-0.0026,0.0030,0.0293,0.20,0.0000,0.0000,0.0000
41.250,1.0990,-0.0026,0.0030,0.0293,0.20,0.0000,0.0000,0.0000
41.300,1.0975,-0.0026,0.0030,0.0293,0.20,0.0000,0.0000,0.0000
41.350,1.0961,-0.0026,0.0030,0.0293,0.20,0.0000,0.0000,0.0000
41.400,1.0946,-0.0026,0.0030,0.0293,0.20,0.0000,0.0000,0.0000
41.450,1.0931,-0.0026,0.0030,0.0293,0.20,0.0000,0.0000,0.0000
41.500,1.0917,-0.0026,0.0030,0.0293,0.20,0.0000,0.0000,0.0000
41.550,1.0902,-0.0026,0.0030,0.0293,0.20,0.0000,0.0000,0.0000
41.600,1.0888,-0.0026,0.0030,0.0293,0.20,0.0000,0.0000,0.0000
41.650,1.0873,-0.0026,0.0030,0.0293,0.20,0.0000,0.0000,0.0000
41.700,1.0858,-0.0027,0.0030,0.0293,0.20,0.0000,0.0000,0.0000
41.750,1.0844,-0.0027,0.0030,0.0293,0.20,0.0000,0.0000,0.0000
41.800,1.0829,-0.0027,0.0030,0.0293,0.20,0.0000,0.0000,0.0000
41.850,1.0814,-0.0027,0.0030,0.0293,0.20,0.0000,0.0000,0.0000
41.900,1.0800,-0.0027,0.0030,0.0293,0.20,0.0000,0.0000,0.0000
41.950,1.0785,-0.0027,0.0030,0.0293,0.20,0.0000,0.0000,0.0000
42.000,1.0770,-0.0027,0.0030,0.0293,0.20,0.0000,0.0000,0.0000
42.050,1.0756,-0.0027,0.0030,0.0293,0.20,0.0000,0.0000,0.0000
42.100,1.0741,-0.0027,0.0030,0.0293,0.20,0.0000,0.0000,0.0000
42.150,1.0727,-0.0027,0.0030,0.0293,0.20,0.0000,0.0000,0.0000
42.200,1.0712,-0.0027,0.0030,0.0293,0.20,0.0000,0.0000,0.0000
42.250,1.0697,-0.0027,0.0030,0.0293,0.20,0.0000,0.0000,0.0000
42.300,1.0683,-0.0027,0.0030,0.0293,0.20,0.0000,0.0000,0.0000
42.350,1.0668,-0.0027,0.0030,0.0293,0.20,0.0000,0.0000,0.0000
42.400,1.0653,-0.0027,0.0030,0.0293,0.20,0.0000,0.0000,0.0000
42.450,1.0639,-0.0027,0.0030,0.0293,0.20,0.0000,0.0000,0.0000
42.500,1.0624,-0.0027,0.0030,0.0293,0.20,0.0000,0.0000,0.0000
42.550,1.0609,-0.0027,0.0030,0.0293,0.20,0.0000,0.0000,0.0000
42.600,1.0595,-0.0027,0.0030,0.0293,0.20,0.0000,0.0000,0.0000
42.650,1.0580,-0.0027,0.0030,0.0293,0.20,0.0000,0.0000,0.0000
42.700,1.0566,-0.0027,0.0030,0.0293,0.20,0.0000,0.0000,0.0000
42.750,1.0551,-0.0027,0.0030,0.0293,0.20,0.0000,0.0000,0.0000
42.800,1.0536,-0.0027,0.0030,0.0293,0.20,0.0000,0.0000,0.0000
42.850,1.0522,-0.0028,0.0030,0.0293,0.20,0.0000,0.0000,0.0000
42.900,1.0507,-0.0028,0.0030,0.0293,0.20,0.0000,0.0000,0.0000
42.950,1.0492,-0.0028,0.0030,0.0293,0.20,0.0000,0.0000,0.0000
43.000,1.0478,-0.0028,0.0030,0.0293,0.20,0.0000,0.0000,0.0000
43.050,1.0463,-0.0028,0.0030,0.0293,0.20,0.0000,0.0000,0.0000
43.100,1.0449,-0.0028,0.0030,0.0293,0.20,0.0000,0.0000,0.0000
43.150,1.0434,-0.0028,0.0030,0.0293,0.20,0.0000,0.0000,0.0000
43.200,1.0419,-0.0028,0.0030,0.0293,0.20,0.0000,0.0000,0.0000
43.250,1.0405,-0.0028,0.0030,0.0293,0.20,0.0000,0.0000,0.0000
43.300,1.0390,-0.0028,0.0030,0.0293,0.20,0.0000,0.0000,0.0000
43.350,1.0375,-0.0028,0.0030,0.0293,0.20,0.0000,0.0000,0.0000
43.400,1.0361,-0.0028,0.0030,0.0293,0.20,0.0000,0.0000,0.0000
43.450,1.0346,-0.0028,0.0030,0.0293,0.20,0.0000,0.0000,0.0000
43.500,1.0331,-0.0028,0.0030,0.0293,0.20,0.0000,0.0000,0.0000
43.550,1.0317,-0.0028,0.0030,0.0293,0.20,0.0000,0.0000,0.0000
43.600,1.0302,-0.0028,0.0030,0.0293,0.20,0.0000,0.0000,0.0000
43.650,1.0288,-0.0028,0.0030,0.0293,0.20,0.0000,0.0000,0.0000
43.700,1.0273,-0.0028,0.0030,0.0293,0.20,0.0000,0.0000,0.0000
43.750,1.0258,-0.0028,0.0030,0.0293,0.20,0.0000,0.0000,0.0000
43.800,1.0244,-0.0028,0.0030,0.0293,0.20,0.0000,0.0000,0.0000
43.850,1.0229,-0.0028,0.0030,0.0293,0.20,0.0000,0.0000,0.0000
43.900,1.0214,-0.0028,0.0030,0.0293,0.20,0.0000,0.0000,0.0000
43.950,1.0200,-0.0028,0.0030,0.0293,0.20,0.0000,0.0000,0.0000
44.000,1.0185,-0.0029,0.0030,0.0293,0.20,0.0000,0.0000,0.0000
44.050,1.0170,-0.0029,0.0030,0.0293,0.20,0.0000,0.0000,0.0000
44.100,1.0156,-0.0029,0.0030,0.0293,0.20,0.0000,0.0000,0.0000
44.150,1.0141,-0.0029,0.0030,0.0293,0.20,0.0000,0.0000,0.0000
44.200,1.0127,-0.0029,0.0030,0.0293,0.20,0.0000,0.0000,0.0000
44.250,1.0112,-0.0029,0.0030,0.0293,0.20,0.0000,0.0000,0.0000
44.300,1.0097,-0.0029,0.0030,0.0293,0.20,0.0000,0.0000,0.0000
44.350,1.0083,-0.0029,0.0030,0.0293,0.20,0.0000,0.0000,0.0000
44.400,1.0068,-0.0029,0.0030,0.0293,0.20,0.0000,0.0000,0.0000
44.450,1.0053,-0.0029,0.0030,0.0293,0.20,0.0000,0.0000,0.0000
44.500,1.0039,-0.0029,0.0030,0.0293,0.20,0.0000,0.0000,0.0000
44.550,1.0024,-0.0029,0.0030,0.0293,0.20,0.0000,0.0000,0.0000
44.600,1.0009,-0.0029,0.0030,0.0293,0.20,0.0000,0.0000,0.0000
44.650,0.9995,-0.0029,0.0030,0.0293,0.20,0.0000,0.0000,0.0000
44.700,0.9980,-0.0029,0.0030,0.0293,0.20,0.0000,0.0000,0.0000
44.750,0.9966,-0.0029,0.0030,0.0293,0.20,0.0000,0.0000,0.0000
44.800,0.9951,-0.0029,0.0030,0.0293,0.20,0.0000,0.0000,0.0000
44.850,0.9936,-0.0029,0.0030,0.0293,0.20,0.0000,0.0000,0.0000
44.900,0.9922,-0.0029,0.0030,0.0293,0.20,0.0000,0.0000,0.0000
44.950,0.9907,-0.0029,0.0030,0.0293,0.20,0.0000,0.0000,0.0000
45.000,0.9892,-0.0029,0.0030,0.0293,0.20,0.0000,0.0000,0.0000
45.050,0.9878,-0.0029,0.0030,0.0293,0.20,0.0000,0.0000,0.0000
45.100,0.9863,-0.0029,0.0030,0.0293,0.20,0.0000,0.0000,0.0000
45.150,0.9848,-0.0030,0.0030,0.0293,0.20,0.0000,0.0000,0.0000
45.200,0.9834,-0.0030,0.0030,0.0293,0.20,0.0000,0.0000,0.0000
45.250,0.9819,-0.0030,0.0030,0.0293,0.20,0.0000,0.0000,0.0000
45.300,0.9805,-0.0030,0.0030,0.0293,0.20,0.0000,0.0000,0.0000
45.350,0.9790,-0.0030,0.0030,0.0293,0.20,0.0000,0.0000,0.0000
45.400,0.9775,-0.0030,0.0030,0.0293,0.20,0.0000,0.0000,0.0000
45.450,0.9761,-0.0030,0.0030,0.0293,0.20,0.0000,0.0000,0.0000
45.500,0.9746,-0.0030,0.0030,0.0293,0.20,0.0000,0.0000,0.0000
45.550,0.9731,-0.0030,0.0030,0.0293,0.20,0.0000,0.0000,0.0000
45.600,0.9717,-0.0030,0.0030,0.0293,0.20,0.0000,0.0000,0.0000
45.650,0.9702,-0.0030,0.0030,0.0293,0.20,0.0000,0.0000,0.0000
45.700,0.9687,-0.0030,0.0031,0.0293,0.20,0.0000,0.0000,0.0000
45.750,0.9673,-0.0030,0.0031,0.0293,0.20,0.0000,0.0000,0.0000
45.800,0.9658,-0.0030,0.0031,0.0293,0.20,0.0000,0.0000,0.0000
45.850,0.9644,-0.0030,0.0031,0.0293,0.20,0.0000,0.0000,0.0000
45.900,0.9629,-0.0030,0.0031,0.0293,0.20,0.0000,0.0000,0.0000
45.950,0.9614,-0.0030,0.0031,0.0293,0.20,0.0000,0.0000,0.0000
46.000,0.9600,-0.0030,0.0031,0.0293,0.20,0.0000,0.0000,0.0000
46.050,0.9585,-0.0030,0.0031,0.0293,0.20,0.0000,0.0000,0.0000
46.100,0.9570,-0.0030,0.0031,0.0293,0.20,0.0000,0.0000,0.0000
46.150,0.9556,-0.0030,0.0031,0.0293,0.20,0.0000,0.0000,0.0000
46.200,0.9541,-0.0030,0.0031,0.0293,0.20,0.0000,0.0000,0.0000
46.250,0.9526,-0.0030,0.0031,0.0293,0.20,0.0000,0.0000,0.0000
46.300,0.9512,-0.0030,0.0031,0.0293,0.20,0.0000,0.0000,0.0000
46.350,0.9497,-0.0031,0.0031,0.0293,0.20,0.0000,0.0000,0.0000
46.400,0.9483,-0.0031,0.0031,0.0293,0.20,0.0000,0.0000,0.0000
46.450,0.9468,-0.0031,0.0031,0.0293,0.20,0.0000,0.0000,0.0000
46.500,0.9453,-0.0031,0.0031,0.0293,0.20,0.0000,0.0000,0.0000
46.550,0.9439,-0.0031,0.0031,0.0293,0.20,0.0000,0.0000,0.0000
46.600,0.9424,-0.0031,0.0031,0.0293,0.20,0.0000,0.0000,0.0000
46.650,0.9409,-0.0031,0.0031,0.0293,0.20,0.0000,0.0000,0.0000
46.700,0.9395,-0.0031,0.0031,0.0293,0.20,0.0000,0.0000,0.0000
46.750,0.9380,-0.0031,0.0031,0.0293,0.20,0.0000,0.0000,0.0000
46.800,0.9366,-0.0031,0.0031,0.0293,0.20,0.0000,0.0000,0.0000
46.850,0.9351,-0.0031,0.0031,0.0293,0.20,0.0000,0.0000,0.0000
46.900,0.9336,-0.0031,0.0031,0.0293,0.20,0.0000,0.0000,0.0000
46.950,0.9322,-0.0031,0.0031,0.0293,0.20,0.0000,0.0000,0.0000
47.000,0.9307,-0.0031,0.0031,0.0293,0.20,0.0000,0.0000,0.0000
47.050,0.9292,-0.0031,0.0031,0.0293,0.20,0.0000,0.0000,0.0000
47.100,0.9278,-0.0031,0.0031,0.0293,0.20,0.0000,0.0000,0.0000
47.150,0.9263,-0.0031,0.0031,0.0293,0.20,0.0000,0.0000,0.0000
47.200,0.9248,-0.0031,0.0031,0.0293,0.20,0.0000,0.0000,0.0000
47.250,0.9234,-0.0031,0.0031,0.0293,0.20,0.0000,0.0000,0.0000
47.300,0.9219,-0.0031,0.0031,0.0293,0.20,0.0000,0.0000,0.0000
47.350,0.9205,-0.0031,0.0031,0.0293,0.20,0.0000,0.0000,0.0000
47.400,0.9190,-0.0031,0.0031,0.0293,0.20,0.0000,0.0000,0.0000
47.450,0.9175,-0.0031,0.0031,0.0293,0.20,0.0000,0.0000,0.0000
47.500,0.9161,-0.0032,0.0031,0.0293,0.20,0.0000,0.0000,0.0000
47.550,0.9146,-0.0032,0.0031,0.0293,0.20,0.0000,0.0000,0.0000
47.600,0.9131,-0.0032,0.0031,0.0293,0.20,0.0000,0.0000,0.0000
47.650,0.9117,-0.0032,0.0031,0.0293,0.20,0.0000,0.0000,0.0000
47.700,0.9102,-0.0032,0.0031,0.0293,0.20,0.0000,0.0000,0.0000
47.750,0.9087,-0.0032,0.0031,0.0293,0.20,0.0000,0.0000,0.0000
47.800,0.9073,-0.0032,0.0031,0.0293,0.20,0.0000,0.0000,0.0000
47.850,0.9058,-0.0032,0.0031,0.0293,0.20,0.0000,0.0000,0.0000
47.900,0.9044,-0.0032,0.0031,0.0293,0.20,0.0000,0.0000,0.0000
47.950,0.9029,-0.0032,0.0031,0.0293,0.20,0.0000,0.0000,0.0000
48.000,0.9014,-0.0032,0.0031,0.0293,0.20,0.0000,0.0000,0.0000
48.050,0.9000,-0.0032,0.0031,0.0293,0.20,0.0000,0.0000,0.0000
48.100,0.8985,-0.0032,0.0031,0.0293,0.20,0.0000,0.0000,0.0000
48.150,0.8970,-0.0032,0.0031,0.0293,0.20,0.0000,0.0000,0.0000
48.200,0.8956,-0.0032,0.0031,0.0293,0.20,0.0000,0.0000,0.0000
48.250,0.8941,-0.0032,0.0031,0.0293,0.20,0.0000,0.0000,0.0000
48.300,0.8926,-0.0032,0.0031,0.0293,0.20,0.0000,0.0000,0.0000
48.350,0.8912,-0.0032,0.0031,0.0293,0.20,0.0000,0.0000,0.0000
48.400,0.8897,-0.0032,0.0031,0.0293,0.20,0.0000,0.0000,0.0000
48.450,0.8883,-0.0032,0.0031,0.0293,0.20,0.0000,0.0000,0.0000
48.500,0.8868,-0.0032,0.0031,0.0293,0.20,0.0000,0.0000,0.0000
48.550,0.8853,-0.0032,0.0031,0.0293,0.20,0.0000,0.0000,0.0000
48.600,0.8839,-0.0032,0.0031,0.0293,0.20,0.0000,0.0000,0.0000
48.650,0.8824,-0.0033,0.0031,0.0293,0.20,0.0000,0.0000,0.0000
48.700,0.8809,-0.0033,0.0031,0.0293,0.20,0.0000,0.0000,0.0000
48.750,0.8795,-0.0033,0.0031,0.0293,0.20,0.0000,0.0000,0.0000
48.800,0.8780,-0.0033,0.0031,0.0293,0.20,0.0000,0.0000,0.0000
48.850,0.8765,-0.0033,0.0031,0.0293,0.20,0.0000,0.0000,0.0000
48.900,0.8751,-0.0033,0.0031,0.0293,0.20,0.0000,0.0000,0.0000
48.950,0.8736,-0.0033,0.0031,0.0293,0.20,0.0000,0.0000,0.0000
49.000,0.8722,-0.0033,0.0031,0.0293,0.20,0.0000,0.0000,0.0000
49.050,0.8707,-0.0033,0.0031,0.0293,0.20,0.0000,0.0000,0.0000
49.100,0.8692,-0.0033,0.0031,0.0293,0.20,0.0000,0.0000,0.0000
49.150,0.8678,-0.0033,0.0031,0.0293,0.20,0.0000,0.0000,0.0000
49.200,0.8663,-0.0033,0.0031,0.0293,0.20,0.0000,0.0000,0.0000
49.250,0.8648,-0.0033,0.0031,0.0293,0.20,0.0000,0.0000,0.0000
49.300,0.8634,-0.0033,0.0031,0.0293,0.20,0.0000,0.0000,0.0000
49.350,0.8619,-0.0033,0.0031,0.0293,0.20,0.0000,0.0000,0.0000
49.400,0.8604,-0.0033,0.0031,0.0293,0.20,0.0000,0.0000,0.0000
49.450,0.8590,-0.0033,0.0031,0.0293,0.20,0.0000,0.0000,0.0000
49.500,0.8575,-0.0033,0.0031,0.0293,0.20,0.0000,0.0000,0.0000
49.550,0.8561,-0.0033,0.0031,0.0293,0.20,0.0000,0.0000,0.0000
49.600,0.8546,-0.0033,0.0031,0.0293,0.20,0.0000,0.0000,0.0000
49.650,0.8531,-0.0033,0.0031,0.0293,0.20,0.0000,0.0000,0.0000
49.700,0.8517,-0.0033,0.0031,0.0293,0.20,0.0000,0.0000,0.0000
49.750,0.8502,-0.0033,0.0031,0.0293,0.20,0.0000,0.0000,0.0000
49.800,0.8487,-0.0033,0.0031,0.0293,0.20,0.0000,0.0000,0.0000
49.850,0.8473,-0.0034,0.0031,0.0293,0.20,0.0000,0.0000,0.0000
49.900,0.8458,-0.0034,0.0031,0.0293,0.20,0.0000,0.0000,0.0000
49.950,0.8444,-0.0034,0.0031,0.0293,0.20,0.0000,0.0000,0.0000
50.000,0.8429,-0.0034,0.0031,0.0293,0.20,0.0000,0.0000,0.0000
50.050,0.8414,-0.0034,0.0031,0.0293,0.20,0.0000,0.0000,0.0000
50.100,0.8400,-0.0034,0.0031,0.0293,0.20,0.0000,0.0000,0.0000
50.150,0.8385,-0.0034,0.0031,0.0293,0.20,0.0000,0.0000,0.0000
50.200,0.8370,-0.0034,0.0031,0.0293,0.20,0.0000,0.0000,0.0000
50.250,0.8356,-0.0034,0.0031,0.0293,0.20,0.0000,0.0000,0.0000
50.300,0.8341,-0.0034,0.0031,0.0293,0.20,0.0000,0.0000,0.0000
50.350,0.8326,-0.0034,0.0031,0.0293,0.20,0.0000,0.0000,0.0000
50.400,0.8312,-0.0034,0.0031,0.0293,0.20,0.0000,0.0000,0.0000
50.450,0.8297,-0.0034,0.0031,0.0293,0.20,0.0000,0.0000,0.0000
50.500,0.8283,-0.0034,0.0031,0.0293,0.20,0.0000,0.0000,0.0000
50.550,0.8268,-0.0034,0.0031,0.0293,0.20,0.0000,0.0000,0.0000
50.600,0.8253,-0.0034,0.0031,0.0293,0.20,0.0000,0.0000,0.0000
50.650,0.8239,-0.0034,0.0031,0.0293,0.20,0.0000,0.0000,0.0000
50.700,0.8224,-0.0034,0.0031,0.0293,0.20,0.0000,0.0000,0.0000
50.750,0.8209,-0.0034,0.0031,0.0293,0.20,0.0000,0.0000,0.0000
50.800,0.8195,-0.0034,0.0031,0.0293,0.20,0.0000,0.0000,0.0000
50.850,0.8180,-0.0034,0.0031,0.0293,0.20,0.0000,0.0000,0.0000
50.900,0.8165,-0.0034,0.0031,0.0293,0.20,0.0000,0.0000,0.0000
50.950,0.8151,-0.0034,0.0031,0.0293,0.20,0.0000,0.0000,0.0000
51.000,0.8136,-0.0035,0.0031,0.0293,0.20,0.0000,0.0000,0.0000
51.050,0.8122,-0.0035,0.0031,0.0293,0.20,0.0000,0.0000,0.0000
51.100,0.8107,-0.0035,0.0031,0.0293,0.20,0.0000,0.0000,0.0000
51.150,0.8092,-0.0035,0.0031,0.0293,0.20,0.0000,0.0000,0.0000
51.200,0.8078,-0.0035,0.0031,0.0293,0.20,0.0000,0.0000,0.0000
51.250,0.8063,-0.0035,0.0031,0.0293,0.20,0.0000,0.0000,0.0000
51.300,0.8048,-0.0035,0.0031,0.0293,0.20,0.0000,0.0000,0.0000
51.350,0.8034,-0.0035,0.0031,0.0293,0.20,0.0000,0.0000,0.0000
51.400,0.8019,-0.0035,0.0031,0.0293,0.20,0.0000,0.0000,0.0000
51.450,0.8005,-0.0035,0.0031,0.0293,0.20,0.0000,0.0000,0.0000
51.500,0.7990,-0.0035,0.0031,0.0293,0.20,0.0000,0.0000,0.0000
51.550,0.7975,-0.0035,0.0031,0.0293,0.20,0.0000,0.0000,0.0000
51.600,0.7961,-0.0035,0.0031,0.0293,0.20,0.0000,0.0000,0.0000
51.650,0.7946,-0.0035,0.0031,0.0293,0.20,0.0000,0.0000,0.0000
51.700,0.7931,-0.0035,0.0031,0.0293,0.20,0.0000,0.0000,0.0000
51.750,0.7917,-0.0035,0.0031,0.0293,0.20,0.0000,0.0000,0.0000
51.800,0.7902,-0.0035,0.0031,0.0293,0.20,0.0000,0.0000,0.0000
51.850,0.7887,-0.0035,0.0032,0.0293,0.20,0.0000,0.0000,0.0000
51.900,0.7873,-0.0035,0.0032,0.0293,0.20,0.0000,0.0000,0.0000
51.950,0.7858,-0.0035,0.0032,0.0293,0.20,0.0000,0.0000,0.0000
52.000,0.7844,-0.0035,0.0032,0.0293,0.20,0.0000,0.0000,0.0000
52.050,0.7829,-0.0035,0.0032,0.0293,0.20,0.0000,0.0000,0.0000
52.100,0.7814,-0.0036,0.0032,0.0293,0.20,0.0000,0.0000,0.0000
52.150,0.7800,-0.0036,0.0032,0.0293,0.20,0.0000,0.0000,0.0000
52.200,0.7785,-0.0036,0.0032,0.0293,0.20,0.0000,0.0000,0.0000
52.250,0.7770,-0.0036,0.0032,0.0293,0.20,0.0000,0.0000,0.0000
52.300,0.7756,-0.0036,0.0032,0.0293,0.20,0.0000,0.0000,0.0000
52.350,0.7741,-0.0036,0.0032,0.0293,0.20,0.0000,0.0000,0.0000
52.400,0.7727,-0.0036,0.0032,0.0293,0.20,0.0000,0.0000,0.0000
52.450,0.7712,-0.0036,0.0032,0.0293,0.20,0.0000,0.0000,0.0000
52.500,0.7697,-0.0036,0.0032,0.0293,0.20,0.0000,0.0000,0.0000
52.550,0.7683,-0.0036,0.0032,0.0293,0.20,0.0000,0.0000,0.0000
52.600,0.7668,-0.0036,0.0032,0.0293,0.20,0.0000,0.0000,0.0000
52.650,0.7653,-0.0036,0.0032,0.0293,0.20,0.0000,0.0000,0.0000
52.700,0.7639,-0.0036,0.0032,0.0293,0.20,0.0000,0.0000,0.0000
52.750,0.7624,-0.0036,0.0032,0.0293,0.20,0.0000,0.0000,0.0000
52.800,0.7609,-0.0036,0.0032,0.0293,0.20,0.0000,0.0000,0.0000
52.850,0.7595,-0.0036,0.0032,0.0293,0.20,0.0000,0.0000,0.0000
52.900,0.7580,-0.0036,0.0032,0.0293,0.20,0.0000,0.0000,0.0000
52.950,0.7566,-0.0036,0.0032,0.0293,0.20,0.0000,0.0000,0.0000
53.000,0.7551,-0.0036,0.0032,0.0293,0.20,0.0000,0.0000,0.0000
53.050,0.7536,-0.0036,0.0032,0.0293,0.00,0.0000,0.0000,0.0000
53.100,0.7522,-0.0036,0.0032,0.0293,0.00,0.0000,0.0000,0.0000
53.150,0.7507,-0.0037,0.0032,0.0293,0.00,0.0000,0.0000,0.0000
53.200,0.7492,-0.0037,0.0032,0.0293,0.00,0.0000,0.0000,0.0000
53.250,0.7478,-0.0037,0.0032,0.0293,0.00,0.0000,0.0000,0.0000
53.300,0.7463,-0.0037,0.0032,0.0293,0.00,0.0000,0.0000,0.0000
53.350,0.7449,-0.0037,0.0032,0.0293,0.00,0.0000,0.0000,0.0000
53.400,0.7434,-0.0037,0.0032,0.0293,0.00,0.0000,0.0000,0.0000
53.450,0.7419,-0.0037,0.0032,0.0293,0.00,0.0000,0.0000,0.0000
53.500,0.7405,-0.0037,0.0032,0.0293,0.00,0.0000,0.0000,0.0000
53.550,0.7390,-0.0037,0.0032,0.0293,0.00,0.0000,0.0000,0.0000
53.600,0.7375,-0.0037,0.0032,0.0293,0.00,0.0000,0.0000,0.0000
53.650,0.7361,-0.0037,0.0032,0.0293,0.00,0.0000,0.0000,0.0000
53.700,0.7346,-0.0037,0.0032,0.0293,0.00,0.0000,0.0000,0.0000
53.750,0.7331,-0.0037,0.0032,0.0293,0.00,0.0000,0.0000,0.0000
53.800,0.7317,-0.0037,0.0032,0.0293,0.00,0.0000,0.0000,0.0000
53.850,0.7302,-0.0037,0.0032,0.0293,0.00,0.0000,0.0000,0.0000
53.900,0.7288,-0.0037,0.0032,0.0293,0.00,0.0000,0.0000,0.0000
53.950,0.7273,-0.0037,0.0032,0.0293,0.00,0.0000,0.0000,0.0000
54.000,0.7258,-0.0037,0.0032,0.0293,0.00,0.0000,0.0000,0.0000
54.050,0.7244,-0.0037,0.0032,0.0293,0.00,0.0000,0.0000,0.0000
54.100,0.7229,-0.0037,0.0032,0.0293,0.00,0.0000,0.0000,0.0000
54.150,0.7214,-0.0037,0.0033,0.0293,0.00,0.0000,0.0000,0.0000
54.200,0.7200,-0.0037,0.0033,0.0293,0.00,0.0000,0.0000,0.0000
54.250,0.7185,-0.0038,0.0033,0.0293,0.00,0.0000,0.0000,0.0000
54.300,0.7171,-0.0038,0.0033,0.0293,0.00,0.0000,0.0000,0.0000
54.350,0.7156,-0.0038,0.0033,0.0293,0.00,0.0000,0.0000,0.0000
54.400,0.7141,-0.0038,0.0033,0.0293,0.00,0.0000,0.0000,0.0000
54.450,0.7127,-0.0038,0.0033,0.0293,0.00,0.0000,0.0000,0.0000
54.500,0.7112,-0.0038,0.0033,0.0293,0.00,0.0000,0.0000,0.0000
54.550,0.7097,-0.0038,0.0033,0.0293,0.00,0.0000,0.0000,0.0000
54.600,0.7083,-0.0038,0.0033,0.0293,0.00,0.0000,0.0000,0.0000
54.650,0.7068,-0.0038,0.0033,0.0293,0.00,0.0000,0.0000,0.0000
54.700,0.7053,-0.0038,0.0033,0.0293,0.00,0.0000,0.0000,0.0000
54.750,0.7039,-0.0038,0.0033,0.0293,0.00,0.0000,0.0000,0.0000
54.800,0.7024,-0.0038,0.0033,0.0293,0.00,0.0000,0.0000,0.0000
54.850,0.7010,-0.0038,0.0033,0.0293,0.00,0.0000,0.0000,0.0000
54.900,0.6995,-0.0038,0.0033,0.0293,0.00,0.0000,0.0000,0.0000
54.950,0.6980,-0.0038,0.0033,0.0293,0.00,0.0000,0.0000,0.0000
55.000,0.6966,-0.0038,0.0033,0.0293,0.00,0.0000,0.0000,0.0000
55.050,0.6951,-0.0038,0.0033,0.0293,0.00,0.0000,0.0000,0.0000
55.100,0.6936,-0.0038,0.0033,0.0293,0.00,0.0000,0.0000,0.0000
55.150,0.6922,-0.0038,0.0033,0.0293,0.00,0.0000,0.0000,0.0000
55.200,0.6907,-0.0038,0.0033,0.0293,0.00,0.0000,0.0000,0.0000
55.250,0.6892,-0.0038,0.0033,0.0293,0.00,0.0000,0.0000,0.0000
55.300,0.6878,-0.0039,0.0033,0.0293,0.00,0.0000,0.0000,0.0000
55.350,0.6863,-0.0039,0.0033,0.0293,0.00,0.0000,0.0000,0.0000
55.400,0.6849,-0.0039,0.0033,0.0293,0.00,0.0000,0.0000,0.0000
55.450,0.6834,-0.0039,0.0033,0.0293,0.00,0.0000,0.0000,0.0000
55.500,0.6819,-0.0039,0.0033,0.0293,0.00,0.0000,0.0000,0.0000
55.550,0.6805,-0.0039,0.0033,0.0293,0.00,0.0000,0.0000,0.0000
55.600,0.6790,-0.0039,0.0033,0.0293,0.00,0.0000,0.0000,0.0000
55.650,0.6775,-0.0039,0.0033,0.0293,0.00,0.0000,0.0000,0.0000
55.700,0.6761,-0.0039,0.0033,0.0293,0.00,0.0000,0.0000,0.0000
55.750,0.6746,-0.0039,0.0033,0.0293,0.00,0.0000,0.0000,0.0000
55.800,0.6731,-0.0039,0.0033,0.0293,0.00,0.0000,0.0000,0.0000
55.850,0.6717,-0.0039,0.0033,0.0293,0.00,0.0000,0.0000,0.0000
55.900,0.6702,-0.0039,0.0033,0.0293,0.00,0.0000,0.0000,0.0000
55.950,0.6688,-0.0039,0.0033,0.0293,0.00,0.0000,0.0000,0.0000
56.000,0.6673,-0.0039,0.0033,0.0293,0.00,0.0000,0.0000,0.0000
56.050,0.6658,-0.0039,0.0033,0.0293,0.00,0.0000,0.0000,0.0000
56.100,0.6644,-0.0039,0.0034,0.0293,0.00,0.0000,0.0000,0.0000
56.150,0.6629,-0.0039,0.0034,0.0293,0.00,0.0000,0.0000,0.0000
56.200,0.6614,-0.0039,0.0034,0.0293,0.00,0.0000,0.0000,0.0000
56.250,0.6600,-0.0039,0.0034,0.0293,0.00,0.0000,0.0000,0.0000
56.300,0.6585,-0.0040,0.0034,0.0293,0.00,0.0000,0.0000,0.0000
56.350,0.6570,-0.0040,0.0034,0.0293,0.00,0.0000,0.0000,0.0000
56.400,0.6556,-0.0040,0.0034,0.0293,0.00,0.0000,0.0000,0.0000
56.450,0.6541,-0.0040,0.0034,0.0293,0.00,0.0000,0.0000,0.0000
56.500,0.6527,-0.0040,0.0034,0.0293,0.00,0.0000,0.0000,0.0000
56.550,0.6512,-0.0040,0.0034,0.0293,0.00,0.0000,0.0000,0.0000
56.600,0.6497,-0.0040,0.0034,0.0293,0.00,0.0000,0.0000,0.0000
56.650,0.6483,-0.0040,0.0034,0.0293,0.00,0.0000,0.0000,0.0000
56.700,0.6468,-0.0040,0.0034,0.0293,0.00,0.0000,0.0000,0.0000
56.750,0.6453,-0.0040,0.0034,0.0293,0.00,0.0000,0.0000,0.0000
56.800,0.6439,-0.0040,0.0034,0.0293,0.00,0.0000,0.0000,0.0000
56.850,0.6424,-0.0040,0.0034,0.0293,0.00,0.0000,0.0000,0.0000
56.900,0.6409,-0.0040,0.0034,0.0293,0.00,0.0000,0.0000,0.0000
56.950,0.6395,-0.0040,0.0034,0.0293,0.00,0.0000,0.0000,0.0000
57.000,0.6380,-0.0040,0.0034,0.0293,0.00,0.0000,0.0000,0.0000
57.050,0.6366,-0.0040,0.0034,0.0293,0.00,0.0000,0.0000,0.0000
57.100,0.6351,-0.0040,0.0034,0.0293,0.00,0.0000,0.0000,0.0000
57.150,0.6336,-0.0040,0.0034,0.0293,0.00,0.0000,0.0000,0.0000
57.200,0.6322,-0.0040,0.0034,0.0293,0.00,0.0000,0.0000,0.0000
57.250,0.6307,-0.0040,0.0034,0.0293,0.00,0.0000,0.0000,0.0000
57.300,0.6292,-0.0041,0.0034,0.0293,0.00,0.0000,0.0000,0.0000
57.350,0.6278,-0.0041,0.0034,0.0293,0.00,0.0000,0.0000,0.0000
57.400,0.6263,-0.0041,0.0035,0.0293,0.00,0.0000,0.0000,0.0000
57.450,0.6248,-0.0041,0.0035,0.0293,0.00,0.0000,0.0000,0.0000
57.500,0.6234,-0.0041,0.0035,0.0293,0.00,0.0000,0.0000,0.0000
57.550,0.6219,-0.0041,0.0035,0.0293,0.00,0.0000,0.0000,0.0000
57.600,0.6205,-0.0041,0.0035,0.0293,0.00,0.0000,0.0000,0.0000
57.650,0.6190,-0.0041,0.0035,0.0293,0.00,0.0000,0.0000,0.0000
57.700,0.6175,-0.0041,0.0035,0.0293,0.00,0.0000,0.0000,0.0000
57.750,0.6161,-0.0041,0.0035,0.0293,0.00,0.0000,0.0000,0.0000
57.800,0.6146,-0.0041,0.0035,0.0293,0.00,0.0000,0.0000,0.0000
57.850,0.6131,-0.0041,0.0035,0.0293,0.00,0.0000,0.0000,0.0000
57.900,0.6117,-0.0041,0.0035,0.0293,0.00,0.0000,0.0000,0.0000
57.950,0.6102,-0.0041,0.0035,0.0293,0.00,0.0000,0.0000,0.0000
58.000,0.6088,-0.0041,0.0035,0.0293,0.00,0.0000,0.0000,0.0000
58.050,0.6073,-0.0041,0.0035,0.0293,0.00,0.0000,0.0000,0.0000
58.100,0.6058,-0.0041,0.0035,0.0293,0.00,0.0000,0.0000,0.0000
58.150,0.6044,-0.0041,0.0035,0.0293,0.00,0.0000,0.0000,0.0000
58.200,0.6029,-0.0041,0.0035,0.0293,0.00,0.0000,0.0000,0.0000
58.250,0.6014,-0.0042,0.0035,0.0293,0.00,0.0000,0.0000,0.0000
58.300,0.6000,-0.0042,0.0035,0.0293,0.00,0.0000,0.0000,0.0000
58.350,0.5985,-0.0042,0.0035,0.0293,0.00,0.0000,0.0000,0.0000
58.400,0.5970,-0.0042,0.0035,0.0293,0.00,0.0000,0.0000,0.0000
58.450,0.5956,-0.0042,0.0035,0.0293,0.00,0.0000,0.0000,0.0000
58.500,0.5941,-0.0042,0.0035,0.0293,0.00,0.0000,0.0000,0.0000
58.550,0.5927,-0.0042,0.0035,0.0293,0.00,0.0000,0.0000,0.0000
58.600,0.5912,-0.0042,0.0035,0.0293,0.00,0.0000,0.0000,0.0000
58.650,0.5897,-0.0042,0.0036,0.0293,0.00,0.0000,0.0000,0.0000
58.700,0.5883,-0.0042,0.0036,0.0293,0.00,0.0000,0.0000,0.0000
58.750,0.5868,-0.0042,0.0036,0.0293,0.00,0.0000,0.0000,0.0000
58.800,0.5853,-0.0042,0.0036,0.0293,0.00,0.0000,0.0000,0.0000
58.850,0.5839,-0.0042,0.0036,0.0293,0.00,0.0000,0.0000,0.0000
58.900,0.5824,-0.0042,0.0036,0.0293,0.00,0.0000,0.0000,0.0000
58.950,0.5809,-0.0042,0.0036,0.0293,0.00,0.0000,0.0000,0.0000
59.000,0.5795,-0.0042,0.0036,0.0293,0.00,0.0000,0.0000,0.0000
59.050,0.5780,-0.0042,0.0036,0.0293,0.00,0.0000,0.0000,0.0000
59.100,0.5766,-0.0042,0.0036,0.0293,0.00,0.0000,0.0000,0.0000
59.150,0.5751,-0.0042,0.0036,0.0293,0.00,0.0000,0.0000,0.0000
59.200,0.5736,-0.0043,0.0036,0.0293,0.00,0.0000,0.0000,0.0000
59.250,0.5722,-0.0043,0.0036,0.0293,0.00,0.0000,0.0000,0.0000
59.300,0.5707,-0.0043,0.0036,0.0293,0.00,0.0000,0.0000,0.0000
59.350,0.5692,-0.0043,0.0036,0.0293,0.00,0.0000,0.0000,0.0000
59.400,0.5678,-0.0043,0.0036,0.0293,0.00,0.0000,0.0000,0.0000
59.450,0.5663,-0.0043,0.0036,0.0293,0.00,0.0000,0.0000,0.0000
59.500,0.5648,-0.0043,0.0036,0.0293,0.00,0.0000,0.0000,0.0000
59.550,0.5634,-0.0043,0.0036,0.0293,0.00,0.0000,0.0000,0.0000
59.600,0.5619,-0.0043,0.0036,0.0293,0.00,0.0000,0.0000,0.0000
59.650,0.5605,-0.0043,0.0036,0.0293,0.00,0.0000,0.0000,0.0000
59.700,0.5590,-0.0043,0.0036,0.0293,0.00,0.0000,0.0000,0.0000
59.750,0.5575,-0.0043,0.0036,0.0293,0.00,0.0000,0.0000,0.0000
59.800,0.5561,-0.0043,0.0036,0.0293,0.00,0.0000,0.0000,0.0000
59.850,0.5546,-0.0043,0.0036,0.0293,0.00,0.0000,0.0000,0.0000
59.900,0.5531,-0.0043,0.0036,0.0293,0.00,0.0000,0.0000,0.0000
59.950,0.5517,-0.0043,0.0037,0.0293,0.00,0.0000,0.0000,0.0000
60.000,0.5502,-0.0043,0.0037,0.0293,0.00,0.0000,0.0000,0.0000
60.050,0.5487,-0.0043,0.0037,0.0293,0.00,0.0000,0.0000,0.0000
60.100,0.5473,-0.0043,0.0037,0.0293,0.00,0.0000,0.0000,0.0000
60.150,0.5458,-0.0044,0.0037,0.0293,0.00,0.0000,0.0000,0.0000
60.200,0.5444,-0.0044,0.0037,0.0293,0.00,0.0000,0.0000,0.0000
60.250,0.5429,-0.0044,0.0037,0.0293,0.00,0.0000,0.0000,0.0000
60.300,0.5414,-0.0044,0.0037,0.0293,0.00,0.0000,0.0000,0.0000
60.350,0.5400,-0.0044,0.0037,0.0293,0.00,0.0000,0.0000,0.0000
60.400,0.5385,-0.0044,0.0037,0.0293,0.00,0.0000,0.0000,0.0000
60.450,0.5370,-0.0044,0.0037,0.0293,0.00,0.0000,0.0000,0.0000
60.500,0.5356,-0.0044,0.0037,0.0293,0.00,0.0000,0.0000,0.0000
60.550,0.5341,-0.0044,0.0037,0.0293,0.00,0.0000,0.0000,0.0000
60.600,0.5326,-0.0044,0.0037,0.0293,0.00,0.0000,0.0000,0.0000
60.650,0.5312,-0.0044,0.0037,0.0293,0.00,0.0000,0.0000,0.0000
60.700,0.5297,-0.0044,0.0037,0.0293,0.00,0.0000,0.0000,0.0000
60.750,0.5283,-0.0044,0.0037,0.0293,0.00,0.0000,0.0000,0.0000
60.800,0.5268,-0.0044,0.0037,0.0293,0.00,0.0000,0.0000,0.0000
60.850,0.5253,-0.0044,0.0037,0.0293,0.00,0.0000,0.0000,0.0000
60.900,0.5239,-0.0044,0.0037,0.0293,0.00,0.0000,0.0000,0.0000
60.950,0.5224,-0.0044,0.0037,0.0293,0.00,0.0000,0.0000,0.0000
61.000,0.5209,-0.0044,0.0037,0.0293,0.00,0.0000,0.0000,0.0000
61.050,0.5195,-0.0045,0.0037,0.0293,0.00,0.0000,0.0000,0.0000
61.100,0.5180,-0.0045,0.0037,0.0293,0.00,0.0000,0.0000,0.0000
61.150,0.5165,-0.0045,0.0037,0.0293,0.00,0.0000,0.0000,0.0000
61.200,0.5151,-0.0045,0.0037,0.0293,0.00,0.0000,0.0000,0.0000
61.250,0.5136,-0.0045,0.0037,0.0293,0.00,0.0000,0.0000,0.0000
61.300,0.5122,-0.0045,0.0038,0.0293,0.00,0.0000,0.0000,0.0000
61.350,0.5107,-0.0045,0.0038,0.0293,0.00,0.0000,0.0000,0.0000
61.400,0.5092,-0.0045,0.0038,0.0293,0.00,0.0000,0.0000,0.0000
61.450,0.5078,-0.0045,0.0038,0.0293,0.00,0.0000,0.0000,0.0000
61.500,0.5063,-0.0045,0.0038,0.0293,0.00,0.0000,0.0000,0.0000
61.550,0.5048,-0.0045,0.0038,0.0293,0.00,0.0000,0.0000,0.0000
61.600,0.5034,-0.0045,0.0038,0.0293,0.00,0.0000,0.0000,0.0000
61.650,0.5019,-0.0045,0.0038,0.0293,0.00,0.0000,0.0000,0.0000
61.700,0.5004,-0.0045,0.0038,0.0293,0.00,0.0000,0.0000,0.0000
61.750,0.4990,-0.0045,0.0038,0.0293,0.00,0.0000,0.0000,0.0000
61.800,0.4975,-0.0045,0.0038,0.0293,0.00,0.0000,0.0000,0.0000
61.850,0.4961,-0.0045,0.0038,0.0293,0.00,0.0000,0.0000,0.0000
61.900,0.4946,-0.0045,0.0038,0.0293,0.00,0.0000,0.0000,0.0000
61.950,0.4931,-0.0046,0.0038,0.0293,0.00,0.0000,0.0000,0.0000
62.000,0.4917,-0.0046,0.0038,0.0293,0.00,0.0000,0.0000,0.0000
62.050,0.4902,-0.0046,0.0038,0.0293,0.00,0.0000,0.0000,0.0000
62.100,0.4887,-0.0046,0.0038,0.0293,0.00,0.0000,0.0000,0.0000
62.150,0.4873,-0.0046,0.0038,0.0293,0.00,0.0000,0.0000,0.0000
62.200,0.4858,-0.0046,0.0038,0.0293,0.00,0.0000,0.0000,0.0000
62.250,0.4843,-0.0046,0.0038,0.0293,0.00,0.0000,0.0000,0.0000
62.300,0.4829,-0.0046,0.0038,0.0293,0.00,0.0000,0.0000,0.0000
62.350,0.4814,-0.0046,0.0038,0.0293,0.00,0.0000,0.0000,0.0000
62.400,0.4800,-0.0046,0.0038,0.0293,0.00,0.0000,0.0000,0.0000
62.450,0.4785,-0.0046,0.0038,0.0293,0.00,0.0000,0.0000,0.0000
62.500,0.4770,-0.0046,0.0038,0.0293,0.00,0.0000,0.0000,0.0000
62.550,0.4756,-0.0046,0.0038,0.0293,0.00,0.0000,0.0000,0.0000
62.600,0.4741,-0.0046,0.0038,0.0293,0.00,0.0000,0.0000,0.0000
62.650,0.4726,-0.0046,0.0039,0.0293,0.00,0.0000,0.0000,0.0000
62.700,0.4712,-0.0046,0.0039,0.0293,0.00,0.0000,0.0000,0.0000
62.750,0.4697,-0.0046,0.0039,0.0293,0.00,0.0000,0.0000,0.0000
62.800,0.4682,-0.0046,0.0039,0.0293,0.00,0.0000,0.0000,0.0000
62.850,0.4668,-0.0047,0.0039,0.0293,0.00,0.0000,0.0000,0.0000
62.900,0.4653,-0.0047,0.0039,0.0293,0.00,0.0000,0.0000,0.0000
62.950,0.4639,-0.0047,0.0039,0.0293,0.00,0.0000,0.0000,0.0000
63.000,0.4624,-0.0047,0.0039,0.0293,0.00,0.0000,0.0000,0.0000
63.050,0.4609,-0.0047,0.0039,0.0293,0.00,0.0000,0.0000,0.0000
63.100,0.4595,-0.0047,0.0039,0.0293,0.00,0.0000,0.0000,0.0000
63.150,0.4580,-0.0047,0.0039,0.0293,0.00,0.0000,0.0000,0.0000
63.200,0.4565,-0.0047,0.0039,0.0293,0.00,0.0000,0.0000,0.0000
63.250,0.4551,-0.0047,0.0039,0.0293,0.00,0.0000,0.0000,0.0000
63.300,0.4536,-0.0047,0.0039,0.0293,0.00,0.0000,0.0000,0.0000
63.350,0.4521,-0.0047,0.0039,0.0293,0.00,0.0000,0.0000,0.0000
63.400,0.4507,-0.0047,0.0039,0.0293,0.00,0.0000,0.0000,0.0000
63.450,0.4492,-0.0047,0.0039,0.0293,0.00,0.0000,0.0000,0.0000
63.500,0.4478,-0.0047,0.0039,0.0293,0.00,0.0000,0.0000,0.0000
63.550,0.4463,-0.0047,0.0039,0.0293,0.00,0.0000,0.0000,0.0000
63.600,0.4448,-0.0047,0.0039,0.0293,0.00,0.0000,0.0000,0.0000
63.650,0.4434,-0.0047,0.0039,0.0293,0.00,0.0000,0.0000,0.0000
63.700,0.4419,-0.0048,0.0039,0.0293,0.00,0.0000,0.0000,0.0000
63.750,0.4404,-0.0048,0.0039,0.0293,0.00,0.0000,0.0000,0.0000
63.800,0.4390,-0.0048,0.0039,0.0293,0.00,0.0000,0.0000,0.0000
63.850,0.4375,-0.0048,0.0039,0.0293,0.00,0.0000,0.0000,0.0000
63.900,0.4361,-0.0048,0.0039,0.0293,0.00,0.0000,0.0000,0.0000
63.950,0.4346,-0.0048,0.0039,0.0293,0.00,0.0000,0.0000,0.0000
64.000,0.4331,-0.0048,0.0039,0.0293,0.00,0.0000,0.0000,0.0000
64.050,0.4317,-0.0048,0.0039,0.0293,0.00,0.0000,0.0000,0.0000
64.100,0.4302,-0.0048,0.0040,0.0293,0.00,0.0000,0.0000,0.0000
64.150,0.4287,-0.0048,0.0040,0.0293,0.00,0.0000,0.0000,0.0000
64.200,0.4273,-0.0048,0.0040,0.0293,0.00,0.0000,0.0000,0.0000
64.250,0.4258,-0.0048,0.0040,0.0293,0.00,0.0000,0.0000,0.0000
64.300,0.4243,-0.0048,0.0040,0.0293,0.00,0.0000,0.0000,0.0000
64.350,0.4229,-0.0048,0.0040,0.0293,0.00,0.0000,0.0000,0.0000
64.400,0.4214,-0.0048,0.0040,0.0293,0.00,0.0000,0.0000,0.0000
64.450,0.4200,-0.0048,0.0040,0.0293,0.00,0.0000,0.0000,0.0000
64.500,0.4185,-0.0048,0.0040,0.0293,0.00,0.0000,0.0000,0.0000
64.550,0.4170,-0.0049,0.0040,0.0293,0.00,0.0000,0.0000,0.0000
64.600,0.4156,-0.0049,0.0040,0.0293,0.00,0.0000,0.0000,0.0000
64.650,0.4141,-0.0049,0.0040,0.0293,0.00,0.0000,0.0000,0.0000
64.700,0.4126,-0.0049,0.0040,0.0293,0.00,0.0000,0.0000,0.0000
64.750,0.4112,-0.0049,0.0040,0.0293,0.00,0.0000,0.0000,0.0000
64.800,0.4097,-0.0049,0.0040,0.0293,0.00,0.0000,0.0000,0.0000
64.850,0.4082,-0.0049,0.0040,0.0293,0.00,0.0000,0.0000,0.0000
64.900,0.4068,-0.0049,0.0040,0.0293,0.00,0.0000,0.0000,0.0000
64.950,0.4053,-0.0049,0.0040,0.0293,0.00,0.0000,0.0000,0.0000
65.000,0.4039,-0.0049,0.0040,0.0293,0.00,0.0000,0.0000,0.0000
65.050,0.4024,-0.0049,0.0040,0.0293,0.00,0.0000,0.0000,0.0000
65.100,0.4009,-0.0049,0.0040,0.0293,0.00,0.0000,0.0000,0.0000
65.150,0.3995,-0.0049,0.0040,0.0293,0.00,0.0000,0.0000,0.0000
65.200,0.3980,-0.0049,0.0040,0.0293,0.00,0.0000,0.0000,0.0000
65.250,0.3965,-0.0049,0.0040,0.0293,0.00,0.0000,0.0000,0.0000
65.300,0.3951,-0.0049,0.0040,0.0293,0.00,0.0000,0.0000,0.0000
65.350,0.3936,-0.0049,0.0040,0.0293,0.00,0.0000,0.0000,0.0000
65.400,0.3921,-0.0050,0.0040,0.0293,0.00,0.0000,0.0000,0.0000
65.450,0.3907,-0.0050,0.0040,0.0293,0.00,0.0000,0.0000,0.0000
65.500,0.3892,-0.0050,0.0040,0.0293,0.00,0.0000,0.0000,0.0000
65.550,0.3878,-0.0050,0.0041,0.0293,0.00,0.0000,0.0000,0.0000
65.600,0.3863,-0.0050,0.0041,0.0293,0.00,0.0000,0.0000,0.0000
65.650,0.3848,-0.0050,0.0041,0.0293,0.00,0.0000,0.0000,0.0000
65.700,0.3834,-0.0050,0.0041,0.0293,0.00,0.0000,0.0000,0.0000
65.750,0.3819,-0.0050,0.0041,0.0293,0.00,0.0000,0.0000,0.0000
65.800,0.3804,-0.0050,0.0041,0.0293,0.00,0.0000,0.0000,0.0000
65.850,0.3790,-0.0050,0.0041,0.0293,0.00,0.0000,0.0000,0.0000
65.900,0.3775,-0.0050,0.0041,0.0293,0.00,0.0000,0.0000,0.0000
65.950,0.3760,-0.0050,0.0041,0.0293,0.00,0.0000,0.0000,0.0000
66.000,0.3746,-0.0050,0.0041,0.0293,0.00,0.0000,0.0000,0.0000
66.050,0.3731,-0.0050,0.0041,0.0293,0.00,0.0000,0.0000,0.0000
66.100,0.3717,-0.0050,0.0041,0.0293,0.00,0.0000,0.0000,0.0000
66.150,0.3702,-0.0050,0.0041,0.0293,0.00,0.0000,0.0000,0.0000
66.200,0.3687,-0.0050,0.0041,0.0293,0.00,0.0000,0.0000,0.0000
66.250,0.3673,-0.0051,0.0041,0.0293,0.00,0.0000,0.0000,0.0000
66.300,0.3658,-0.0051,0.0041,0.0293,0.00,0.0000,0.0000,0.0000
66.350,0.3643,-0.0051,0.0041,0.0293,0.00,0.0000,0.0000,0.0000
66.400,0.3629,-0.0051,0.0041,0.0293,0.00,0.0000,0.0000,0.0000
66.450,0.3614,-0.0051,0.0041,0.0293,0.00,0.0000,0.0000,0.0000
66.500,0.3599,-0.0051,0.0041,0.0293,0.00,0.0000,0.0000,0.0000
66.550,0.3585,-0.0051,0.0041,0.0293,0.00,0.0000,0.0000,0.0000
66.600,0.3570,-0.0051,0.0041,0.0293,0.00,0.0000,0.0000,0.0000
66.650,0.3556,-0.0051,0.0041,0.0293,0.00,0.0000,0.0000,0.0000
66.700,0.3541,-0.0051,0.0041,0.0293,0.00,0.0000,0.0000,0.0000
66.750,0.3526,-0.0051,0.0041,0.0293,0.00,0.0000,0.0000,0.0000
66.800,0.3512,-0.0051,0.0041,0.0293,0.00,0.0000,0.0000,0.0000
66.850,0.3497,-0.0051,0.0041,0.0293,0.00,0.0000,0.0000,0.0000
66.900,0.3482,-0.0051,0.0041,0.0293,0.00,0.0000,0.0000,0.0000
66.950,0.3468,-0.0051,0.0041,0.0293,0.00,0.0000,0.0000,0.0000
67.000,0.3453,-0.0051,0.0041,0.0293,0.00,0.0000,0.0000,0.0000
67.050,0.3438,-0.0052,0.0041,0.0293,0.00,0.0000,0.0000,0.0000
67.100,0.3424,-0.0052,0.0041,0.0293,0.00,0.0000,0.0000,0.0000
67.150,0.3409,-0.0052,0.0042,0.0293,0.00,0.0000,0.0000,0.0000
67.200,0.3395,-0.0052,0.0042,0.0293,0.00,0.0000,0.0000,0.0000
67.250,0.3380,-0.0052,0.0042,0.0293,0.00,0.0000,0.0000,0.0000
67.300,0.3365,-0.0052,0.0042,0.0293,0.00,0.0000,0.0000,0.0000
67.350,0.3351,-0.0052,0.0042,0.0293,0.00,0.0000,0.0000,0.0000
67.400,0.3336,-0.0052,0.0042,0.0293,0.00,0.0000,0.0000,0.0000
67.450,0.3321,-0.0052,0.0042,0.0293,0.00,0.0000,0.0000,0.0000
67.500,0.3307,-0.0052,0.0042,0.0293,0.00,0.0000,0.0000,0.0000
67.550,0.3292,-0.0052,0.0042,0.0293,0.00,0.0000,0.0000,0.0000
67.600,0.3277,-0.0052,0.0042,0.0293,0.00,0.0000,0.0000,0.0000
67.650,0.3263,-0.0052,0.0042,0.0293,0.00,0.0000,0.0000,0.0000
67.700,0.3248,-0.0052,0.0042,0.0293,0.00,0.0000,0.0000,0.0000
67.750,0.3234,-0.0052,0.0042,0.0293,0.00,0.0000,0.0000,0.0000
67.800,0.3219,-0.0052,0.0042,0.0293,0.00,0.0000,0.0000,0.0000
67.850,0.3204,-0.0053,0.0042,0.0293,0.00,0.0000,0.0000,0.0000
67.900,0.3190,-0.0053,0.0042,0.0293,0.00,0.0000,0.0000,0.0000
67.950,0.3175,-0.0053,0.0042,0.0293,0.00,0.0000,0.0000,0.0000
68.000,0.3160,-0.0053,0.0042,0.0293,0.00,0.0000,0.0000,0.0000
68.050,0.3146,-0.0053,0.0042,0.0293,0.00,0.0000,0.0000,0.0000
68.100,0.3131,-0.0053,0.0042,0.0293,0.00,0.0000,0.0000,0.0000
68.150,0.3116,-0.0053,0.0042,0.0293,0.00,0.0000,0.0000,0.0000
68.200,0.3102,-0.0053,0.0042,0.0293,0.00,0.0000,0.0000,0.0000
68.250,0.3087,-0.0053,0.0042,0.0293,0.00,0.0000,0.0000,0.0000
68.300,0.3073,-0.0053,0.0042,0.0293,0.00,0.0000,0.0000,0.0000
68.350,0.3058,-0.0053,0.0042,0.0293,0.00,0.0000,0.0000,0.0000
68.400,0.3043,-0.0053,0.0042,0.0293,0.00,0.0000,0.0000,0.0000
68.450,0.3029,-0.0053,0.0042,0.0293,0.00,0.0000,0.0000,0.0000
68.500,0.3014,-0.0053,0.0042,0.0293,0.00,0.0000,0.0000,0.0000
68.550,0.2999,-0.0053,0.0042,0.0293,0.00,0.0000,0.0000,0.0000
68.600,0.2985,-0.0053,0.0042,0.0293,0.00,0.0000,0.0000,0.0000
68.650,0.2970,-0.0053,0.0042,0.0293,0.00,0.0000,0.0000,0.0000
68.700,0.2955,-0.0054,0.0042,0.0293,0.00,0.0000,0.0000,0.0000
68.750,0.2941,-0.0054,0.0043,0.0293,0.00,0.0000,0.0000,0.0000
68.800,0.2926,-0.0054,0.0043,0.0293,0.00,0.0000,0.0000,0.0000
68.850,0.2912,-0.0054,0.0043,0.0293,0.00,0.0000,0.0000,0.0000
68.900,0.2897,-0.0054,0.0043,0.0293,0.00,0.0000,0.0000,0.0000
68.950,0.2882,-0.0054,0.0043,0.0293,0.00,0.0000,0.0000,0.0000
69.000,0.2868,-0.0054,0.0043,0.0293,0.00,0.0000,0.0000,0.0000
69.050,0.2853,-0.0054,0.0043,0.0293,0.00,0.0000,0.0000,0.0000
69.100,0.2838,-0.0054,0.0043,0.0293,0.00,0.0000,0.0000,0.0000
69.150,0.2824,-0.0054,0.0043,0.0293,0.00,0.0000,0.0000,0.0000
69.200,0.2809,-0.0054,0.0043,0.0293,0.00,0.0000,0.0000,0.0000
69.250,0.2794,-0.0054,0.0043,0.0293,0.00,0.0000,0.0000,0.0000
69.300,0.2780,-0.0054,0.0043,0.0293,0.00,0.0000,0.0000,0.0000
69.350,0.2765,-0.0054,0.0043,0.0293,0.00,0.0000,0.0000,0.0000
69.400,0.2751,-0.0054,0.0043,0.0293,0.00,0.0000,0.0000,0.0000
69.450,0.2736,-0.0055,0.0043,0.0293,0.00,0.0000,0.0000,0.0000
69.500,0.2721,-0.0055,0.0043,0.0293,0.00,0.0000,0.0000,0.0000
69.550,0.2707,-0.0055,0.0043,0.0293,0.00,0.0000,0.0000,0.0000
69.600,0.2692,-0.0055,0.0043,0.0293,0.00,0.0000,0.0000,0.0000
69.650,0.2677,-0.0055,0.0043,0.0293,0.00,0.0000,0.0000,0.0000
69.700,0.2663,-0.0055,0.0043,0.0293,0.00,0.0000,0.0000,0.0000
69.750,0.2648,-0.0055,0.0043,0.0293,0.00,0.0000,0.0000,0.0000
69.800,0.2633,-0.0055,0.0043,0.0293,0.00,0.0000,0.0000,0.0000
69.850,0.2619,-0.0055,0.0043,0.0293,0.00,0.0000,0.0000,0.0000
69.900,0.2604,-0.0055,0.0043,0.0293,0.00,0.0000,0.0000,0.0000
69.950,0.2590,-0.0055,0.0043,0.0293,0.00,0.0000,0.0000,0.0000
70.000,0.2575,-0.0055,0.0043,0.0293,0.00,0.0000,0.0000,0.0000
70.050,0.2560,-0.0055,0.0043,0.0293,0.00,0.0000,0.0000,0.0000
70.100,0.2546,-0.0055,0.0043,0.0293,0.00,0.0000,0.0000,0.0000
70.150,0.2531,-0.0055,0.0043,0.0293,0.00,0.0000,0.0000,0.0000
70.200,0.2516,-0.0055,0.0043,0.0293,0.00,0.0000,0.0000,0.0000
70.250,0.2502,-0.0056,0.0043,0.0293,0.00,0.0000,0.0000,0.0000
70.300,0.2487,-0.0056,0.0043,0.0293,0.00,0.0000,0.0000,0.0000
70.350,0.2472,-0.0056,0.0043,0.0293,0.00,0.0000,0.0000,0.0000
70.400,0.2458,-0.0056,0.0043,0.0293,0.00,0.0000,0.0000,0.0000
70.450,0.2443,-0.0056,0.0043,0.0293,0.00,0.0000,0.0000,0.0000
70.500,0.2429,-0.0056,0.0044,0.0293,0.00,0.0000,0.0000,0.0000
70.550,0.2414,-0.0056,0.0044,0.0293,0.00,0.0000,0.0000,0.0000
70.600,0.2399,-0.0056,0.0044,0.0293,0.00,0.0000,0.0000,0.0000
70.650,0.2385,-0.0056,0.0044,0.0293,0.00,0.0000,0.0000,0.0000
70.700,0.2370,-0.0056,0.0044,0.0293,0.00,0.0000,0.0000,0.0000
70.750,0.2355,-0.0056,0.0044,0.0293,0.00,0.0000,0.0000,0.0000
70.800,0.2341,-0.0056,0.0044,0.0293,0.00,0.0000,0.0000,0.0000
70.850,0.2326,-0.0056,0.0044,0.0293,0.00,0.0000,0.0000,0.0000
70.900,0.2311,-0.0056,0.0044,0.0293,0.00,0.0000,0.0000,0.0000
70.950,0.2297,-0.0056,0.0044,0.0293,0.00,0.0000,0.0000,0.0000
71.000,0.2282,-0.0056,0.0044,0.0293,0.00,0.0000,0.0000,0.0000
71.050,0.2268,-0.0057,0.0044,0.0293,0.00,0.0000,0.0000,0.0000
71.100,0.2253,-0.0057,0.0044,0.0293,0.00,0.0000,0.0000,0.0000
71.150,0.2238,-0.0057,0.0044,0.0293,0.00,0.0000,0.0000,0.0000
71.200,0.2224,-0.0057,0.0044,0.0293,0.00,0.0000,0.0000,0.0000
71.250,0.2209,-0.0057,0.0044,0.0293,0.00,0.0000,0.0000,0.0000
71.300,0.2194,-0.0057,0.0044,0.0293,0.00,0.0000,0.0000,0.0000
71.350,0.2180,-0.0057,0.0044,0.0293,0.00,0.0000,0.0000,0.0000
71.400,0.2165,-0.0057,0.0044,0.0293,0.00,0.0000,0.0000,0.0000
71.450,0.2151,-0.0057,0.0044,0.0293,0.00,0.0000,0.0000,0.0000
71.500,0.2136,-0.0057,0.0044,0.0293,0.00,0.0000,0.0000,0.0000
71.550,0.2121,-0.0057,0.0044,0.0293,0.00,0.0000,0.0000,0.0000
71.600,0.2107,-0.0057,0.0044,0.0293,0.00,0.0000,0.0000,0.0000
71.650,0.2092,-0.0057,0.0044,0.0293,0.00,0.0000,0.0000,0.0000
71.700,0.2077,-0.0057,0.0044,0.0293,0.00,0.0000,0.0000,0.0000
71.750,0.2063,-0.0057,0.0044,0.0293,0.00,0.0000,0.0000,0.0000
71.800,0.2048,-0.0058,0.0044,0.0293,0.00,0.0000,0.0000,0.0000
71.850,0.2033,-0.0058,0.0044,0.0293,0.00,0.0000,0.0000,0.0000
71.900,0.2019,-0.0058,0.0044,0.0293,0.00,0.0000,0.0000,0.0000
71.950,0.2004,-0.0058,0.0044,0.0293,0.00,0.0000,0.0000,0.0000
72.000,0.1990,-0.0058,0.0044,0.0293,0.00,0.0000,0.0000,0.0000
72.050,0.1975,-0.0058,0.0044,0.0293,0.00,0.0000,0.0000,0.0000
72.100,0.1960,-0.0058,0.0044,0.0293,0.00,0.0000,0.0000,0.0000
72.150,0.1946,-0.0058,0.0044,0.0293,0.00,0.0000,0.0000,0.0000
72.200,0.1931,-0.0058,0.0044,0.0293,0.00,0.0000,0.0000,0.0000
72.250,0.1916,-0.0058,0.0044,0.0293,0.00,0.0000,0.0000,0.0000
72.300,0.1902,-0.0058,0.0044,0.0293,0.00,0.0000,0.0000,0.0000
72.350,0.1887,-0.0058,0.0044,0.0293,0.00,0.0000,0.0000,0.0000
72.400,0.1872,-0.0058,0.0045,0.0293,0.00,0.0000,0.0000,0.0000
72.450,0.1858,-0.0058,0.0045,0.0293,0.00,0.0000,0.0000,0.0000
72.500,0.1843,-0.0058,0.0045,0.0293,0.00,0.0000,0.0000,0.0000
72.550,0.1829,-0.0058,0.0045,0.0293,0.00,0.0000,0.0000,0.0000
72.600,0.1814,-0.0059,0.0045,0.0293,0.00,0.0000,0.0000,0.0000
72.650,0.1799,-0.0059,0.0045,0.0293,0.00,0.0000,0.0000,0.0000
72.700,0.1785,-0.0059,0.0045,0.0293,0.00,0.0000,0.0000,0.0000
72.750,0.1770,-0.0059,0.0045,0.0293,0.00,0.0000,0.0000,0.0000
72.800,0.1755,-0.0059,0.0045,0.0293,0.00,0.0000,0.0000,0.0000
72.850,0.1741,-0.0059,0.0045,0.0293,0.00,0.0000,0.0000,0.0000
72.900,0.1726,-0.0059,0.0045,0.0293,0.00,0.0000,0.0000,0.0000
72.950,0.1711,-0.0059,0.0045,0.0293,0.00,0.0000,0.0000,0.0000
73.000,0.1697,-0.0059,0.0045,0.0293,0.00,0.0000,0.0000,0.0000
73.050,0.1682,-0.0059,0.0045,0.0293,0.00,0.0000,0.0000,0.0000
73.100,0.1668,-0.0059,0.0045,0.0293,0.00,0.0000,0.0000,0.0000
73.150,0.1653,-0.0059,0.0045,0.0293,0.00,0.0000,0.0000,0.0000
73.200,0.1638,-0.0059,0.0045,0.0293,0.00,0.0000,0.0000,0.0000
73.250,0.1624,-0.0059,0.0045,0.0293,0.00,0.0000,0.0000,0.0000
73.300,0.1609,-0.0059,0.0045,0.0293,0.00,0.0000,0.0000,0.0000
73.350,0.1594,-0.0060,0.0045,0.0293,0.00,0.0000,0.0000,0.0000
73.400,0.1580,-0.0060,0.0045,0.0293,0.00,0.0000,0.0000,0.0000
73.450,0.1565,-0.0060,0.0045,0.0293,0.00,0.0000,0.0000,0.0000
73.500,0.1550,-0.0060,0.0045,0.0293,0.00,0.0000,0.0000,0.0000
73.550,0.1536,-0.0060,0.0045,0.0293,0.00,0.0000,0.0000,0.0000
73.600,0.1521,-0.0060,0.0045,0.0293,0.00,0.0000,0.0000,0.0000
73.650,0.1507,-0.0060,0.0045,0.0293,0.00,0.0000,0.0000,0.0000
73.700,0.1492,-0.0060,0.0045,0.0293,0.00,0.0000,0.0000,0.0000
73.750,0.1477,-0.0060,0.0045,0.0293,0.00,0.0000,0.0000,0.0000
73.800,0.1463,-0.0060,0.0045,0.0293,0.00,0.0000,0.0000,0.0000
73.850,0.1448,-0.0060,0.0045,0.0293,0.00,0.0000,0.0000,0.0000
73.900,0.1433,-0.0060,0.0045,0.0293,0.00,0.0000,0.0000,0.0000
73.950,0.1419,-0.0060,0.0045,0.0293,0.00,0.0000,0.0000,0.0000
74.000,0.1404,-0.0060,0.0045,0.0293,0.00,0.0000,0.0000,0.0000
74.050,0.1389,-0.0060,0.0045,0.0293,0.00,0.0000,0.0000,0.0000
74.100,0.1375,-0.0061,0.0045,0.0293,0.00,0.0000,0.0000,0.0000
74.150,0.1360,-0.0061,0.0045,0.0293,0.00,0.0000,0.0000,0.0000
74.200,0.1346,-0.0061,0.0045,0.0293,0.00,0.0000,0.0000,0.0000
74.250,0.1331,-0.0061,0.0045,0.0293,0.00,0.0000,0.0000,0.0000
74.300,0.1316,-0.0061,0.0045,0.0293,0.00,0.0000,0.0000,0.0000
74.350,0.1302,-0.0061,0.0045,0.0293,0.00,0.0000,0.0000,0.0000
74.400,0.1287,-0.0061,0.0045,0.0293,0.00,0.0000,0.0000,0.0000
74.450,0.1272,-0.0061,0.0045,0.0293,0.00,0.0000,0.0000,0.0000
74.500,0.1258,-0.0061,0.0045,0.0293,0.00,0.0000,0.0000,0.0000
74.550,0.1243,-0.0061,0.0045,0.0293,0.00,0.0000,0.0000,0.0000
74.600,0.1229,-0.0061,0.0045,0.0293,0.00,0.0000,0.0000,0.0000
74.650,0.1214,-0.0061,0.0046,0.0293,0.00,0.0000,0.0000,0.0000
74.700,0.1199,-0.0061,0.0046,0.0293,0.00,0.0000,0.0000,0.0000
74.750,0.1185,-0.0061,0.0046,0.0293,0.00,0.0000,0.0000,0.0000
74.800,0.1170,-0.0061,0.0046,0.0293,0.00,0.0000,0.0000,0.0000
74.850,0.1155,-0.0062,0.0046,0.0293,0.00,0.0000,0.0000,0.0000
74.900,0.1141,-0.0062,0.0046,0.0293,0.00,0.0000,0.0000,0.0000
74.950,0.1126,-0.0062,0.0046,0.0293,0.00,0.0000,0.0000,0.0000
75.000,0.1111,-0.0062,0.0046,0.0293,0.00,0.0000,0.0000,0.0000
75.050,0.1097,-0.0062,0.0046,0.0293,0.00,0.0000,0.0000,0.0000
75.100,0.1082,-0.0062,0.0046,0.0293,0.00,0.0000,0.0000,0.0000
75.150,0.1068,-0.0062,0.0046,0.0293,0.00,0.0000,0.0000,0.0000
75.200,0.1053,-0.0062,0.0046,0.0293,0.00,0.0000,0.0000,0.0000
75.250,0.1038,-0.0062,0.0046,0.0293,0.00,0.0000,0.0000,0.0000
75.300,0.1024,-0.0062,0.0046,0.0293,0.00,0.0000,0.0000,0.0000
75.350,0.1009,-0.0062,0.0046,0.0293,0.00,0.0000,0.0000,0.0000
75.400,0.0994,-0.0062,0.0046,0.0293,0.00,0.0000,0.0000,0.0000
75.450,0.0980,-0.0062,0.0046,0.0293,0.00,0.0000,0.0000,0.0000
75.500,0.0965,-0.0062,0.0046,0.0293,0.00,0.0000,0.0000,0.0000
75.550,0.0950,-0.0062,0.0046,0.0293,0.00,0.0000,0.0000,0.0000
75.600,0.0936,-0.0063,0.0046,0.0293,0.00,0.0000,0.0000,0.0000
75.650,0.0921,-0.0063,0.0046,0.0293,0.00,0.0000,0.0000,0.0000
75.700,0.0907,-0.0063,0.0046,0.0293,0.00,0.0000,0.0000,0.0000
75.750,0.0892,-0.0063,0.0046,0.0293,0.00,0.0000,0.0000,0.0000
75.800,0.0877,-0.0063,0.0046,0.0293,0.00,0.0000,0.0000,0.0000
75.850,0.0863,-0.0063,0.0046,0.0293,0.00,0.0000,0.0000,0.0000
75.900,0.0848,-0.0063,0.0046,0.0293,0.00,0.0000,0.0000,0.0000
75.950,0.0833,-0.0063,0.0046,0.0293,0.00,0.0000,0.0000,0.0000
76.000,0.0819,-0.0063,0.0046,0.0293,0.00,0.0000,0.0000,0.0000
76.050,0.0804,-0.0063,0.0046,0.0293,0.00,0.0000,0.0000,0.0000
76.100,0.0790,-0.0063,0.0046,0.0293,0.00,0.0000,0.0000,0.0000
76.150,0.0775,-0.0063,0.0046,0.0293,0.00,0.0000,0.0000,0.0000
76.200,0.0760,-0.0063,0.0046,0.0293,0.00,0.0000,0.0000,0.0000
76.250,0.0746,-0.0063,0.0046,0.0293,0.00,0.0000,0.0000,0.0000
76.300,0.0731,-0.0063,0.0046,0.0293,0.00,0.0000,0.0000,0.0000
76.350,0.0716,-0.0064,0.0046,0.0293,0.00,0.0000,0.0000,0.0000
76.400,0.0702,-0.0064,0.0046,0.0293,0.00,0.0000,0.0000,0.0000
76.450,0.0687,-0.0064,0.0046,0.0293,0.00,0.0000,0.0000,0.0000
76.500,0.0672,-0.0064,0.0046,0.0293,0.00,0.0000,0.0000,0.0000
76.550,0.0658,-0.0064,0.0046,0.0293,0.00,0.0000,0.0000,0.0000
76.600,0.0643,-0.0064,0.0046,0.0293,0.00,0.0000,0.0000,0.0000
76.650,0.0629,-0.0064,0.0046,0.0293,0.00,0.0000,0.0000,0.0000
76.700,0.0614,-0.0064,0.0046,0.0293,0.00,0.0000,0.0000,0.0000
76.750,0.0599,-0.0064,0.0046,0.0293,0.00,0.0000,0.0000,0.0000
76.800,0.0585,-0.0064,0.0046,0.0293,0.00,0.0000,0.0000,0.0000
76.850,0.0570,-0.0064,0.0046,0.0293,0.00,0.0000,0.0000,0.0000
76.900,0.0555,-0.0064,0.0046,0.0293,0.00,0.0000,0.0000,0.0000
76.950,0.0541,-0.0064,0.0046,0.0293,0.00,0.0000,0.0000,0.0000
77.000,0.0526,-0.0064,0.0046,0.0293,0.00,0.0000,0.0000,0.0000
77.050,0.0511,-0.0064,0.0046,0.0293,0.00,0.0000,0.0000,0.0000
77.100,0.0497,-0.0065,0.0046,0.0293,0.00,0.0000,0.0000,0.0000
77.150,0.0482,-0.0065,0.0046,0.0293,0.00,0.0000,0.0000,0.0000
77.200,0.0468,-0.0065,0.0046,0.0293,0.00,0.0000,0.0000,0.0000
77.250,0.0453,-0.0065,0.0046,0.0293,0.00,0.0000,0.0000,0.0000
77.300,0.0438,-0.0065,0.0046,0.0293,0.00,0.0000,0.0000,0.0000
77.350,0.0424,-0.0065,0.0046,0.0293,0.00,0.0000,0.0000,0.0000
77.400,0.0409,-0.0065,0.0046,0.0293,0.00,0.0000,0.0000,0.0000
77.450,0.0394,-0.0065,0.0046,0.0293,0.00,0.0000,0.0000,0.0000
77.500,0.0380,-0.0065,0.0046,0.0293,0.00,0.0000,0.0000,0.0000
77.550,0.0365,-0.0065,0.0046,0.0293,0.00,0.0000,0.0000,0.0000
77.600,0.0350,-0.0065,0.0046,0.0293,0.00,0.0000,0.0000,0.0000
77.650,0.0336,-0.0065,0.0046,0.0293,0.00,0.0000,0.0000,0.0000
77.700,0.0321,-0.0065,0.0046,0.0293,0.00,0.0000,0.0000,0.0000
77.750,0.0307,-0.0065,0.0046,0.0293,0.00,0.0000,0.0000,0.0000
77.800,0.0292,-0.0066,0.0046,0.0293,0.00,0.0000,0.0000,0.0000
77.850,0.0277,-0.0066,0.0046,0.0293,0.00,0.0000,0.0000,0.0000
77.900,0.0263,-0.0066,0.0046,0.0293,0.00,0.0000,0.0000,0.0000
77.950,0.0248,-0.0066,0.0046,0.0293,0.00,0.0000,0.0000,0.0000
78.000,0.0233,-0.0066,0.0046,0.0293,0.00,0.0000,0.0000,0.0000
78.050,0.0219,-0.0066,0.0046,0.0293,0.00,0.0000,0.0000,0.0000
78.100,0.0204,-0.0066,0.0046,0.0293,0.00,0.0000,0.0000,0.0000
78.150,0.0190,-0.0066,0.0046,0.0293,0.00,0.0000,0.0000,0.0000
78.200,0.0175,-0.0066,0.0046,0.0293,0.00,0.0000,0.0000,0.0000
78.250,0.0160,-0.0066,0.0046,0.0293,0.00,0.0000,0.0000,0.0000
78.300,0.0146,-0.0066,0.0046,0.0293,0.00,0.0000,0.0000,0.0000
78.350,0.0131,-0.0066,0.0047,0.0293,0.00,0.0000,0.0000,0.0000
78.400,0.0116,-0.0066,0.0047,0.0293,0.00,0.0000,0.0000,0.0000
78.450,0.0102,-0.0066,0.0047,0.0293,0.00,0.0000,0.0000,0.0000
78.500,0.0087,-0.0066,0.0047,0.0293,0.00,0.0000,0.0000,0.0000
78.550,0.0072,-0.0067,0.0047,0.0293,0.00,0.0000,0.0000,0.0000
78.600,0.0058,-0.0067,0.0047,0.0293,0.00,0.0000,0.0000,0.0000
78.650,0.0043,-0.0067,0.0047,0.0293,0.00,0.0000,0.0000,0.0000
78.700,0.0029,-0.0067,0.0047,0.0293,0.00,0.0000,0.0000,0.0000
78.750,0.0014,-0.0067,0.0047,0.0293,0.00,0.0000,0.0000,0.0000
78.800,-0.0001,-0.0067,0.0047,0.0293,0.00,0.0000,0.0000,0.0000
78.850,-0.0015,-0.0067,0.0047,0.0293,0.00,0.0000,0.0000,0.0000
78.900,-0.0030,-0.0067,0.0047,0.0293,0.00,0.0000,0.0000,0.0000
78.950,-0.0045,-0.0067,0.0047,0.0293,0.00,0.0000,0.0000,0.0000
79.000,-0.0059,-0.0067,0.0047,0.0293,0.00,0.0000,0.0000,0.0000
79.050,-0.0074,-0.0067,0.0047,0.0293,0.00,0.0000,0.0000,0.0000
79.100,-0.0089,-0.0067,0.0047,0.0293,0.00,0.0000,0.0000,0.0000
79.150,-0.0103,-0.0067,0.0047,0.0293,0.00,0.0000,0.0000,0.0000
79.200,-0.0118,-0.0067,0.0047,0.0293,0.00,0.0000,0.0000,0.0000
79.250,-0.0132,-0.0067,0.0047,0.0293,0.00,0.0000,0.0000,0.0000
79.300,-0.0147,-0.0068,0.0047,0.0293,0.00,0.0000,0.0000,0.0000
79.350,-0.0162,-0.0068,0.0047,0.0293,0.00,0.0000,0.0000,0.0000
79.400,-0.0176,-0.0068,0.0047,0.0293,0.00,0.0000,0.0000,0.0000
79.450,-0.0191,-0.0068,0.0047,0.0293,0.00,0.0000,0.0000,0.0000
79.500,-0.0206,-0.0068,0.0047,0.0293,0.00,0.0000,0.0000,0.0000
79.550,-0.0220,-0.0068,0.0047,0.0293,0.00,0.0000,0.0000,0.0000
79.600,-0.0235,-0.0068,0.0047,0.0293,0.00,0.0000,0.0000,0.0000
79.650,-0.0250,-0.0068,0.0047,0.0293,0.00,0.0000,0.0000,0.0000
79.700,-0.0264,-0.0068,0.0047,0.0293,0.00,0.0000,0.0000,0.0000
79.750,-0.0279,-0.0068,0.0047,0.0293,0.00,0.0000,0.0000,0.0000
79.800,-0.0293,-0.0068,0.0047,0.0293,0.00,0.0000,0.0000,0.0000
79.850,-0.0308,-0.0068,0.0047,0.0293,0.00,0.0000,0.0000,0.0000
79.900,-0.0323,-0.0068,0.0047,0.0293,0.00,0.0000,0.0000,0.0000
79.950,-0.0337,-0.0068,0.0047,0.0293,0.00,0.0000,0.0000,0.0000
80.000,-0.0352,-0.0068,0.0047,0.0293,0.00,0.0000,0.0000,0.0000
80.050,-0.0367,-0.0069,0.0047,0.0293,0.00,0.0000,0.0000,0.0000
80.100,-0.0381,-0.0069,0.0047,0.0293,0.00,0.0000,0.0000,0.0000
80.150,-0.0396,-0.0069,0.0047,0.0293,0.00,0.0000,0.0000,0.0000
80.200,-0.0411,-0.0069,0.0047,0.0293,0.00,0.0000,0.0000,0.0000
80.250,-0.0425,-0.0069,0.0047,0.0293,0.00,0.0000,0.0000,0.0000
80.300,-0.0440,-0.0069,0.0047,0.0293,0.00,0.0000,0.0000,0.0000
80.350,-0.0454,-0.0069,0.0047,0.0293,0.00,0.0000,0.0000,0.0000
80.400,-0.0469,-0.0069,0.0047,0.0293,0.00,0.0000,0.0000,0.0000
80.450,-0.0484,-0.0069,0.0047,0.0293,0.00,0.0000,0.0000,0.0000
80.500,-0.0498,-0.0069,0.0047,0.0293,0.00,0.0000,0.0000,0.0000
80.550,-0.0513,-0.0069,0.0047,0.0293,0.00,0.0000,0.0000,0.0000
80.600,-0.0528,-0.0069,0.0047,0.0293,0.00,0.0000,0.0000,0.0000
80.650,-0.0542,-0.0069,0.0047,0.0293,0.00,0.0000,0.0000,0.0000
80.700,-0.0557,-0.0069,0.0047,0.0293,0.00,0.0000,0.0000,0.0000
80.750,-0.0571,-0.0070,0.0047,0.0293,0.00,0.0000,0.0000,0.0000
80.800,-0.0586,-0.0070,0.0047,0.0293,0.00,0.0000,0.0000,0.0000
80.850,-0.0601,-0.0070,0.0047,0.0293,0.00,0.0000,0.0000,0.0000
80.900,-0.0615,-0.0070,0.0047,0.0293,0.00,0.0000,0.0000,0.0000
80.950,-0.0630,-0.0070,0.0047,0.0293,0.00,0.0000,0.0000,0.0000
81.000,-0.0645,-0.0070,0.0047,0.0293,0.00,0.0000,0.0000,0.0000
81.050,-0.0659,-0.0070,0.0047,0.0293,0.00,0.0000,0.0000,0.0000
81.100,-0.0674,-0.0070,0.0047,0.0293,0.00,0.0000,0.0000,0.0000
81.150,-0.0689,-0.0070,0.0047,0.0293,0.00,0.0000,0.0000,0.0000
81.200,-0.0703,-0.0070,0.0047,0.0293,0.00,0.0000,0.0000,0.0000
81.250,-0.0718,-0.0070,0.0047,0.0293,0.00,0.0000,0.0000,0.0000
81.300,-0.0732,-0.0070,0.0047,0.0293,0.00,0.0000,0.0000,0.0000
81.350,-0.0747,-0.0070,0.0047,0.0293,0.00,0.0000,0.0000,0.0000
81.400,-0.0762,-0.0070,0.0047,0.0293,0.00,0.0000,0.0000,0.0000
81.450,-0.0776,-0.0070,0.0047,0.0293,0.00,0.0000,0.0000,0.0000
81.500,-0.0791,-0.0071,0.0047,0.0293,0.00,0.0000,0.0000,0.0000
81.550,-0.0806,-0.0071,0.0047,0.0293,0.00,0.0000,0.0000,0.0000
81.600,-0.0820,-0.0071,0.0047,0.0293,0.00,0.0000,0.0000,0.0000
81.650,-0.0835,-0.0071,0.0047,0.0293,0.00,0.0000,0.0000,0.0000
81.700,-0.0850,-0.0071,0.0047,0.0293,0.00,0.0000,0.0000,0.0000
81.750,-0.0864,-0.0071,0.0047,0.0293,0.00,0.0000,0.0000,0.0000
81.800,-0.0879,-0.0071,0.0047,0.0293,0.00,0.0000,0.0000,0.0000
81.850,-0.0893,-0.0071,0.0047,0.0293,0.00,0.0000,0.0000,0.0000
81.900,-0.0908,-0.0071,0.0047,0.0293,0.00,0.0000,0.0000,0.0000
81.950,-0.0923,-0.0071,0.0047,0.0293,0.00,0.0000,0.0000,0.0000
82.000,-0.0937,-0.0071,0.0047,0.0293,0.00,0.0000,0.0000,0.0000
82.050,-0.0952,-0.0071,0.0047,0.0293,0.00,0.0000,0.0000,0.0000
82.100,-0.0967,-0.0071,0.0047,0.0293,0.00,0.0000,0.0000,0.0000
82.150,-0.0981,-0.0071,0.0047,0.0293,0.00,0.0000,0.0000,0.0000
82.200,-0.0996,-0.0071,0.0047,0.0293,0.00,0.0000,0.0000,0.0000
82.250,-0.1011,-0.0072,0.0047,0.0293,0.00,0.0000,0.0000,0.0000
82.300,-0.1025,-0.0072,0.0047,0.0293,0.00,0.0000,0.0000,0.0000
82.350,-0.1040,-0.0072,0.0047,0.0293,0.00,0.0000,0.0000,0.0000
82.400,-0.1054,-0.0072,0.0047,0.0293,0.00,0.0000,0.0000,0.0000
82.450,-0.1069,-0.0072,0.0047,0.0293,0.00,0.0000,0.0000,0.0000
82.500,-0.1084,-0.0072,0.0047,0.0293,0.00,0.0000,0.0000,0.0000
82.550,-0.1098,-0.0072,0.0047,0.0293,0.00,0.0000,0.0000,0.0000
82.600,-0.1113,-0.0072,0.0047,0.0293,0.00,0.0000,0.0000,0.0000
82.650,-0.1128,-0.0072,0.0047,0.0293,0.00,0.0000,0.0000,0.0000
82.700,-0.1142,-0.0072,0.0047,0.0293,0.00,0.0000,0.0000,0.0000
82.750,-0.1157,-0.0072,0.0047,0.0293,0.00,0.0000,0.0000,0.0000
82.800,-0.1172,-0.0072,0.0047,0.0293,0.00,0.0000,0.0000,0.0000
82.850,-0.1186,-0.0072,0.0047,0.0293,0.00,0.0000,0.0000,0.0000
82.900,-0.1201,-0.0072,0.0047,0.0293,0.00,0.0000,0.0000,0.0000
82.950,-0.1215,-0.0072,0.0047,0.0293,0.00,0.0000,0.0000,0.0000
83.000,-0.1230,-0.0073,0.0047,0.0293,0.00,0.0000,0.0000,0.0000
83.050,-0.1245,-0.0073,0.0047,0.0293,0.00,0.0000,0.0000,0.0000
83.100,-0.1259,-0.0073,0.0047,0.0293,0.00,0.0000,0.0000,0.0000
83.150,-0.1274,-0.0073,0.0047,0.0293,0.00,0.0000,0.0000,0.0000
83.200,-0.1289,-0.0073,0.0047,0.0293,0.00,0.0000,0.0000,0.0000
83.250,-0.1303,-0.0073,0.0047,0.0293,0.00,0.0000,0.0000,0.0000
83.300,-0.1318,-0.0073,0.0047,0.0293,0.00,0.0000,0.0000,0.0000
83.350,-0.1333,-0.0073,0.0047,0.0293,0.00,0.0000,0.0000,0.0000
83.400,-0.1347,-0.0073,0.0047,0.0293,0.00,0.0000,0.0000,0.0000
83.450,-0.1362,-0.0073,0.0047,0.0293,0.00,0.0000,0.0000,0.0000
83.500,-0.1376,-0.0073,0.0047,0.0293,0.00,0.0000,0.0000,0.0000
83.550,-0.1391,-0.0073,0.0047,0.0293,0.00,0.0000,0.0000,0.0000
83.600,-0.1406,-0.0073,0.0047,0.0293,0.00,0.0000,0.0000,0.0000
83.650,-0.1420,-0.0073,0.0047,0.0293,0.00,0.0000,0.0000,0.0000
83.700,-0.1435,-0.0074,0.0047,0.0293,0.00,0.0000,0.0000,0.0000
83.750,-0.1450,-0.0074,0.0047,0.0293,0.00,0.0000,0.0000,0.0000
83.800,-0.1464,-0.0074,0.0047,0.0293,0.00,0.0000,0.0000,0.0000
83.850,-0.1479,-0.0074,0.0047,0.0293,0.00,0.0000,0.0000,0.0000
83.900,-0.1494,-0.0074,0.0047,0.0293,0.00,0.0000,0.0000,0.0000
83.950,-0.1508,-0.0074,0.0047,0.0293,0.00,0.0000,0.0000,0.0000
84.000,-0.1523,-0.0074,0.0047,0.0293,0.00,0.0000,0.0000,0.0000
84.050,-0.1537,-0.0074,0.0047,0.0293,0.00,0.0000,0.0000,0.0000
84.100,-0.1552,-0.0074,0.0047,0.0293,0.00,0.0000,0.0000,0.0000
84.150,-0.1567,-0.0074,0.0047,0.0293,0.00,0.0000,0.0000,0.0000
84.200,-0.1581,-0.0074,0.0047,0.0293,0.00,0.0000,0.0000,0.0000
84.250,-0.1596,-0.0074,0.0047,0.0293,0.00,0.0000,0.0000,0.0000
84.300,-0.1611,-0.0074,0.0047,0.0293,0.00,0.0000,0.0000,0.0000
84.350,-0.1625,-0.0074,0.0047,0.0293,0.00,0.0000,0.0000,0.0000
84.400,-0.1640,-0.0074,0.0047,0.0293,0.00,0.0000,0.0000,0.0000
84.450,-0.1655,-0.0075,0.0047,0.0293,0.00,0.0000,0.0000,0.0000
84.500,-0.1669,-0.0075,0.0047,0.0293,0.00,0.0000,0.0000,0.0000
84.550,-0.1684,-0.0075,0.0047,0.0293,0.00,0.0000,0.0000,0.0000
84.600,-0.1698,-0.0075,0.0047,0.0293,0.00,0.0000,0.0000,0.0000
84.650,-0.1713,-0.0075,0.0047,0.0293,0.00,0.0000,0.0000,0.0000
84.700,-0.1728,-0.0075,0.0047,0.0293,0.00,0.0000,0.0000,0.0000
84.750,-0.1742,-0.0075,0.0047,0.0293,0.00,0.0000,0.0000,0.0000
84.800,-0.1757,-0.0075,0.0047,0.0293,0.00,0.0000,0.0000,0.0000
84.850,-0.1772,-0.0075,0.0047,0.0293,0.00,0.0000,0.0000,0.0000
84.900,-0.1786,-0.0075,0.0047,0.0293,0.00,0.0000,0.0000,0.0000
84.950,-0.1801,-0.0075,0.0047,0.0293,0.00,0.0000,0.0000,0.0000
85.000,-0.1816,-0.0075,0.0047,0.0293,0.00,0.0000,0.0000,0.0000
85.050,-0.1830,-0.0075,0.0047,0.0293,0.00,0.0000,0.0000,0.0000
85.100,-0.1845,-0.0075,0.0047,0.0293,0.00,0.0000,0.0000,0.0000
85.150,-0.1859,-0.0075,0.0047,0.0293,0.00,0.0000,0.0000,0.0000
85.200,-0.1874,-0.0076,0.0047,0.0293,0.00,0.0000,0.0000,0.0000
85.250,-0.1889,-0.0076,0.0047,0.0293,0.00,0.0000,0.0000,0.0000
85.300,-0.1903,-0.0076,0.0047,0.0293,0.00,0.0000,0.0000,0.0000
85.350,-0.1918,-0.0076,0.0047,0.0293,0.00,0.0000,0.0000,0.0000
85.400,-0.1933,-0.0076,0.0047,0.0293,0.00,0.0000,0.0000,0.0000
85.450,-0.1947,-0.0076,0.0047,0.0293,0.00,0.0000,0.0000,0.0000
85.500,-0.1962,-0.0076,0.0047,0.0293,0.00,0.0000,0.0000,0.0000
85.550,-0.1977,-0.0076,0.0047,0.0293,0.00,0.0000,0.0000,0.0000
85.600,-0.1991,-0.0076,0.0047,0.0293,0.00,0.0000,0.0000,0.0000
85.650,-0.2006,-0.0076,0.0047,0.0293,0.00,0.0000,0.0000,0.0000
85.700,-0.2020,-0.0076,0.0047,0.0293,0.00,0.0000,0.0000,0.0000
85.750,-0.2035,-0.0076,0.0047,0.0293,0.00,0.0000,0.0000,0.0000
85.800,-0.2050,-0.0076,0.0047,0.0293,0.00,0.0000,0.0000,0.0000
85.850,-0.2064,-0.0076,0.0047,0.0293,0.00,0.0000,0.0000,0.0000
85.900,-0.2079,-0.0077,0.0047,0.0293,0.00,0.0000,0.0000,0.0000
85.950,-0.2094,-0.0077,0.0047,0.0293,0.00,0.0000,0.0000,0.0000
86.000,-0.2108,-0.0077,0.0047,0.0293,0.00,0.0000,0.0000,0.0000
86.050,-0.2123,-0.0077,0.0047,0.0293,0.00,0.0000,0.0000,0.0000
86.100,-0.2138,-0.0077,0.0047,0.0293,0.00,0.0000,0.0000,0.0000
86.150,-0.2152,-0.0077,0.0047,0.0293,0.00,0.0000,0.0000,0.0000
86.200,-0.2167,-0.0077,0.0048,0.0293,0.00,0.0000,0.0000,0.0000
86.250,-0.2182,-0.0077,0.0048,0.0293,0.00,0.0000,0.0000,0.0000
86.300,-0.2196,-0.0077,0.0048,0.0293,0.00,0.0000,0.0000,0.0000
86.350,-0.2211,-0.0077,0.0048,0.0293,0.00,0.0000,0.0000,0.0000
86.400,-0.2225,-0.0077,0.0048,0.0293,0.00,0.0000,0.0000,0.0000
86.450,-0.2240,-0.0077,0.0048,0.0293,0.00,0.0000,0.0000,0.0000
86.500,-0.2255,-0.0077,0.0048,0.0293,0.00,0.0000,0.0000,0.0000
86.550,-0.2269,-0.0077,0.0048,0.0293,0.00,0.0000,0.0000,0.0000
86.600,-0.2284,-0.0077,0.0048,0.0293,0.00,0.0000,0.0000,0.0000
86.650,-0.2299,-0.0078,0.0048,0.0293,0.00,0.0000,0.0000,0.0000
86.700,-0.2313,-0.0078,0.0048,0.0293,0.00,0.0000,0.0000,0.0000
86.750,-0.2328,-0.0078,0.0048,0.0293,0.00,0.0000,0.0000,0.0000
86.800,-0.2343,-0.0078,0.0048,0.0293,0.00,0.0000,0.0000,0.0000
86.850,-0.2357,-0.0078,0.0048,0.0293,0.00,0.0000,0.0000,0.0000
86.900,-0.2372,-0.0078,0.0048,0.0293,0.00,0.0000,0.0000,0.0000
86.950,-0.2386,-0.0078,0.0048,0.0293,0.00,0.0000,0.0000,0.0000
87.000,-0.2401,-0.0078,0.0048,0.0293,0.00,0.0000,0.0000,0.0000
87.050,-0.2416,-0.0078,0.0048,0.0293,0.00,0.0000,0.0000,0.0000
87.100,-0.2430,-0.0078,0.0048,0.0293,0.00,0.0000,0.0000,0.0000
87.150,-0.2445,-0.0078,0.0048,0.0293,0.00,0.0000,0.0000,0.0000
87.200,-0.2460,-0.0078,0.0048,0.0293,0.00,0.0000,0.0000,0.0000
87.250,-0.2474,-0.0078,0.0048,0.0293,0.00,0.0000,0.0000,0.0000
87.300,-0.2489,-0.0078,0.0048,0.0293,0.00,0.0000,0.0000,0.0000
87.350,-0.2504,-0.0079,0.0048,0.0293,0.00,0.0000,0.0000,0.0000
87.400,-0.2518,-0.0079,0.0048,0.0293,0.00,0.0000,0.0000,0.0000
87.450,-0.2533,-0.0079,0.0048,0.0293,0.00,0.0000,0.0000,0.0000
87.500,-0.2548,-0.0079,0.0048,0.0293,0.00,0.0000,0.0000,0.0000
87.550,-0.2562,-0.0079,0.0048,0.0293,0.00,0.0000,0.0000,0.0000
87.600,-0.2577,-0.0079,0.0048,0.0293,0.00,0.0000,0.0000,0.0000
87.650,-0.2591,-0.0079,0.0048,0.0293,0.00,0.0000,0.0000,0.0000
87.700,-0.2606,-0.0079,0.0048,0.0293,0.00,0.0000,0.0000,0.0000
87.750,-0.2621,-0.0079,0.0048,0.0293,0.00,0.0000,0.0000,0.0000
87.800,-0.2635,-0.0079,0.0048,0.0293,0.00,0.0000,0.0000,0.0000
87.850,-0.2650,-0.0079,0.0048,0.0293,0.00,0.0000,0.0000,0.0000
87.900,-0.2665,-0.0079,0.0048,0.0293,0.00,0.0000,0.0000,0.0000
87.950,-0.2679,-0.0079,0.0048,0.0293,0.00,0.0000,0.0000,0.0000
88.000,-0.2694,-0.0079,0.0048,0.0293,0.00,0.0000,0.0000,0.0000
88.050,-0.2709,-0.0080,0.0048,0.0293,0.00,0.0000,0.0000,0.0000
88.100,-0.2723,-0.0080,0.0048,0.0293,0.00,0.0000,0.0000,0.0000
88.150,-0.2738,-0.0080,0.0048,0.0293,0.00,0.0000,0.0000,0.0000
88.200,-0.2752,-0.0080,0.0048,0.0293,0.00,0.0000,0.0000,0.0000
88.250,-0.2767,-0.0080,0.0048,0.0293,0.00,0.0000,0.0000,0.0000
88.300,-0.2782,-0.0080,0.0048,0.0293,0.00,0.0000,0.0000,0.0000
88.350,-0.2796,-0.0080,0.0048,0.0293,0.00,0.0000,0.0000,0.0000
88.400,-0.2811,-0.0080,0.0048,0.0293,0.00,0.0000,0.0000,0.0000
88.450,-0.2826,-0.0080,0.0048,0.0293,0.00,0.0000,0.0000,0.0000
88.500,-0.2840,-0.0080,0.0048,0.0293,0.00,0.0000,0.0000,0.0000
88.550,-0.2855,-0.0080,0.0048,0.0293,0.00,0.0000,0.0000,0.0000
88.600,-0.2870,-0.0080,0.0048,0.0293,0.00,0.0000,0.0000,0.0000
88.650,-0.2884,-0.0080,0.0048,0.0293,0.00,0.0000,0.0000,0.0000
88.700,-0.2899,-0.0080,0.0048,0.0293,0.00,0.0000,0.0000,0.0000
88.750,-0.2914,-0.0080,0.0048,0.0293,0.00,0.0000,0.0000,0.0000
88.800,-0.2928,-0.0081,0.0048,0.0293,0.00,0.0000,0.0000,0.0000
88.850,-0.2943,-0.0081,0.0048,0.0293,0.00,0.0000,0.0000,0.0000
88.900,-0.2957,-0.0081,0.0048,0.0293,0.00,0.0000,0.0000,0.0000
88.950,-0.2972,-0.0081,0.0048,0.0293,0.00,0.0000,0.0000,0.0000
89.000,-0.2987,-0.0081,0.0048,0.0293,0.00,0.0000,0.0000,0.0000
89.050,-0.3001,-0.0081,0.0048,0.0293,0.00,0.0000,0.0000,0.0000
89.100,-0.3016,-0.0081,0.0048,0.0293,0.00,0.0000,0.0000,0.0000
89.150,-0.3031,-0.0081,0.0048,0.0293,0.00,0.0000,0.0000,0.0000
89.200,-0.3045,-0.0081,0.0048,0.0293,0.00,0.0000,0.0000,0.0000
89.250,-0.3060,-0.0081,0.0048,0.0293,0.00,0.0000,0.0000,0.0000
89.300,-0.3075,-0.0081,0.0048,0.0293,0.00,0.0000,0.0000,0.0000
89.350,-0.3089,-0.0081,0.0048,0.0293,0.00,0.0000,0.0000,0.0000
89.400,-0.3104,-0.0081,0.0048,0.0293,0.00,0.0000,0.0000,0.0000
89.450,-0.3118,-0.0082,0.0048,0.0293,0.00,0.0000,0.0000,0.0000
89.500,-0.3133,-0.0082,0.0048,0.0293,0.00,0.0000,0.0000,0.0000
89.550,-0.3148,-0.0082,0.0048,0.0293,0.00,0.0000,0.0000,0.0000
89.600,-0.3162,-0.0082,0.0048,0.0293,0.00,0.0000,0.0000,0.0000
89.650,-0.3177,-0.0082,0.0048,0.0293,0.00,0.0000,0.0000,0.0000
89.700,-0.3192,-0.0082,0.0048,0.0293,0.00,0.0000,0.0000,0.0000
89.750,-0.3206,-0.0082,0.0048,0.0293,0.00,0.0000,0.0000,0.0000
89.800,-0.3221,-0.0082,0.0048,0.0293,0.00,0.0000,0.0000,0.0000
89.850,-0.3236,-0.0082,0.0048,0.0293,0.00,0.0000,0.0000,0.0000
89.900,-0.3250,-0.0082,0.0048,0.0293,0.00,0.0000,0.0000,0.0000
89.950,-0.3265,-0.0082,0.0049,0.0293,0.00,0.0000,0.0000,0.0000
90.000,-0.3280,-0.0082,0.0049,0.0293,0.00,0.0000,0.0000,0.0000
90.050,-0.3294,-0.0082,0.0049,0.0293,0.00,0.0000,0.0000,0.0000
90.100,-0.3309,-0.0082,0.0049,0.0293,0.00,0.0000,0.0000,0.0000
90.150,-0.3323,-0.0083,0.0049,0.0293,0.00,0.0000,0.0000,0.0000
90.200,-0.3338,-0.0083,0.0049,0.0293,0.00,0.0000,0.0000,0.0000
90.250,-0.3353,-0.0083,0.0049,0.0293,0.00,0.0000,0.0000,0.0000
90.300,-0.3367,-0.0083,0.0049,0.0293,0.00,0.0000,0.0000,0.0000
90.350,-0.3382,-0.0083,0.0049,0.0293,0.00,0.0000,0.0000,0.0000
90.400,-0.3397,-0.0083,0.0049,0.0293,0.00,0.0000,0.0000,0.0000
90.450,-0.3411,-0.0083,0.0049,0.0293,0.00,0.0000,0.0000,0.0000
90.500,-0.3426,-0.0083,0.0049,0.0293,0.00,0.0000,0.0000,0.0000
90.550,-0.3441,-0.0083,0.0049,0.0293,0.00,0.0000,0.0000,0.0000
90.600,-0.3455,-0.0083,0.0049,0.0293,0.00,0.0000,0.0000,0.0000
90.650,-0.3470,-0.0083,0.0049,0.0293,0.00,0.0000,0.0000,0.0000
90.700,-0.3484,-0.0083,0.0049,0.0293,0.00,0.0000,0.0000,0.0000
90.750,-0.3499,-0.0083,0.0049,0.0293,0.00,0.0000,0.0000,0.0000
90.800,-0.3514,-0.0083,0.0049,0.0293,0.00,0.0000,0.0000,0.0000
90.850,-0.3528,-0.0084,0.0049,0.0293,0.00,0.0000,0.0000,0.0000
90.900,-0.3543,-0.0084,0.0049,0.0293,0.00,0.0000,0.0000,0.0000
90.950,-0.3558,-0.0084,0.0049,0.0293,0.00,0.0000,0.0000,0.0000
91.000,-0.3572,-0.0084,0.0049,0.0293,0.00,0.0000,0.0000,0.0000
91.050,-0.3587,-0.0084,0.0049,0.0293,0.00,0.0000,0.0000,0.0000
91.100,-0.3602,-0.0084,0.0049,0.0293,0.00,0.0000,0.0000,0.0000
91.150,-0.3616,-0.0084,0.0049,0.0293,0.00,0.0000,0.0000,0.0000
91.200,-0.3631,-0.0084,0.0049,0.0293,0.00,0.0000,0.0000,0.0000
91.250,-0.3645,-0.0084,0.0049,0.0293,0.00,0.0000,0.0000,0.0000
91.300,-0.3660,-0.0084,0.0049,0.0293,0.00,0.0000,0.0000,0.0000
91.350,-0.3675,-0.0084,0.0049,0.0293,0.00,0.0000,0.0000,0.0000
91.400,-0.3689,-0.0084,0.0049,0.0293,0.00,0.0000,0.0000,0.0000
91.450,-0.3704,-0.0084,0.0049,0.0293,0.00,0.0000,0.0000,0.0000
91.500,-0.3719,-0.0084,0.0049,0.0293,0.00,0.0000,0.0000,0.0000
91.550,-0.3733,-0.0085,0.0049,0.0293,0.00,0.0000,0.0000,0.0000
91.600,-0.3748,-0.0085,0.0049,0.0293,0.00,0.0000,0.0000,0.0000
91.650,-0.3763,-0.0085,0.0049,0.0293,0.00,0.0000,0.0000,0.0000
91.700,-0.3777,-0.0085,0.0049,0.0293,0.00,0.0000,0.0000,0.0000
91.750,-0.3792,-0.0085,0.0049,0.0293,0.00,0.0000,0.0000,0.0000
91.800,-0.3807,-0.0085,0.0049,0.0293,0.00,0.0000,0.0000,0.0000
91.850,-0.3821,-0.0085,0.0049,0.0293,0.00,0.0000,0.0000,0.0000
91.900,-0.3836,-0.0085,0.0049,0.0293,0.00,0.0000,0.0000,0.0000
91.950,-0.3850,-0.0085,0.0049,0.0293,0.00,0.0000,0.0000,0.0000
92.000,-0.3865,-0.0085,0.0049,0.0293,0.00,0.0000,0.0000,0.0000
92.050,-0.3880,-0.0085,0.0049,0.0293,0.00,0.0000,0.0000,0.0000
92.100,-0.3894,-0.0085,0.0049,0.0293,0.00,0.0000,0.0000,0.0000
92.150,-0.3909,-0.0085,0.0049,0.0293,0.00,0.0000,0.0000,0.0000
92.200,-0.3924,-0.0085,0.0049,0.0293,0.00,0.0000,0.0000,0.0000
92.250,-0.3938,-0.0086,0.0049,0.0293,0.00,0.0000,0.0000,0.0000
92.300,-0.3953,-0.0086,0.0049,0.0293,0.00,0.0000,0.0000,0.0000
92.350,-0.3968,-0.0086,0.0049,0.0293,0.00,0.0000,0.0000,0.0000
92.400,-0.3982,-0.0086,0.0049,0.0293,0.00,0.0000,0.0000,0.0000
92.450,-0.3997,-0.0086,0.0049,0.0293,0.00,0.0000,0.0000,0.0000
92.500,-0.4011,-0.0086,0.0049,0.0293,0.00,0.0000,0.0000,0.0000
92.550,-0.4026,-0.0086,0.0049,0.0293,0.00,0.0000,0.0000,0.0000
92.600,-0.4041,-0.0086,0.0049,0.0293,0.00,0.0000,0.0000,0.0000
92.650,-0.4055,-0.0086,0.0049,0.0293,0.00,0.0000,0.0000,0.0000
92.700,-0.4070,-0.0086,0.0049,0.0293,0.00,0.0000,0.0000,0.0000
92.750,-0.4085,-0.0086,0.0049,0.0293,0.00,0.0000,0.0000,0.0000
92.800,-0.4099,-0.0086,0.0049,0.0293,0.00,0.0000,0.0000,0.0000
92.850,-0.4114,-0.0086,0.0049,0.0293,0.00,0.0000,0.0000,0.0000
92.900,-0.4129,-0.0086,0.0049,0.0293,0.00,0.0000,0.0000,0.0000
92.950,-0.4143,-0.0087,0.0049,0.0293,0.00,0.0000,0.0000,0.0000
93.000,-0.4158,-0.0087,0.0049,0.0293,0.00,0.0000,0.0000,0.0000
93.050,-0.4172,-0.0087,0.0049,0.0293,0.00,0.0000,0.0000,0.0000
93.100,-0.4187,-0.0087,0.0049,0.0293,0.00,0.0000,0.0000,0.0000
93.150,-0.4202,-0.0087,0.0049,0.0293,0.00,0.0000,0.0000,0.0000
93.200,-0.4216,-0.0087,0.0049,0.0293,0.00,0.0000,0.0000,0.0000
93.250,-0.4231,-0.0087,0.0049,0.0293,0.00,0.0000,0.0000,0.0000
93.300,-0.4246,-0.0087,0.0049,0.0293,0.00,0.0000,0.0000,0.0000
93.350,-0.4260,-0.0087,0.0049,0.0293,0.00,0.0000,0.0000,0.0000
93.400,-0.4275,-0.0087,0.0049,0.0293,0.00,0.0000,0.0000,0.0000
93.450,-0.4290,-0.0087,0.0049,0.0293,0.00,0.0000,0.0000,0.0000
93.500,-0.4304,-0.0087,0.0049,0.0293,0.00,0.0000,0.0000,0.0000
93.550,-0.4319,-0.0087,0.0049,0.0293,0.00,0.0000,0.0000,0.0000
93.600,-0.4333,-0.0088,0.0049,0.0293,0.00,0.0000,0.0000,0.0000
93.650,-0.4348,-0.0088,0.0049,0.0293,0.00,0.0000,0.0000,0.0000
93.700,-0.4363,-0.0088,0.0049,0.0293,0.00,0.0000,0.0000,0.0000
93.750,-0.4377,-0.0088,0.0049,0.0293,0.00,0.0000,0.0000,0.0000
93.800,-0.4392,-0.0088,0.0049,0.0293,0.00,0.0000,0.0000,0.0000
93.850,-0.4407,-0.0088,0.0049,0.0293,0.00,0.0000,0.0000,0.0000
93.900,-0.4421,-0.0088,0.0049,0.0293,0.00,0.0000,0.0000,0.0000
93.950,-0.4436,-0.0088,0.0049,0.0293,0.00,0.0000,0.0000,0.0000
94.000,-0.4451,-0.0088,0.0049,0.0293,0.00,0.0000,0.0000,0.0000
94.050,-0.4465,-0.0088,0.0049,0.0293,0.00,0.0000,0.0000,0.0000
94.100,-0.4480,-0.0088,0.0049,0.0293,0.00,0.0000,0.0000,0.0000
94.150,-0.4494,-0.0088,0.0049,0.0293,0.00,0.0000,0.0000,0.0000
94.200,-0.4509,-0.0088,0.0049,0.0293,0.00,0.0000,0.0000,0.0000
94.250,-0.4524,-0.0088,0.0049,0.0293,0.00,0.0000,0.0000,0.0000
94.300,-0.4538,-0.0089,0.0049,0.0293,0.00,0.0000,0.0000,0.0000
94.350,-0.4553,-0.0089,0.0049,0.0293,0.00,0.0000,0.0000,0.0000
94.400,-0.4568,-0.0089,0.0049,0.0293,0.00,0.0000,0.0000,0.0000
94.450,-0.4582,-0.0089,0.0049,0.0293,0.00,0.0000,0.0000,0.0000
94.500,-0.4597,-0.0089,0.0049,0.0293,0.00,0.0000,0.0000,0.0000
94.550,-0.4612,-0.0089,0.0049,0.0293,0.00,0.0000,0.0000,0.0000
94.600,-0.4626,-0.0089,0.0049,0.0293,0.00,0.0000,0.0000,0.0000
94.650,-0.4641,-0.0089,0.0049,0.0293,0.00,0.0000,0.0000,0.0000
94.700,-0.4656,-0.0089,0.0049,0.0293,0.00,0.0000,0.0000,0.0000
94.750,-0.4670,-0.0089,0.0049,0.0293,0.00,0.0000,0.0000,0.0000
94.800,-0.4685,-0.0089,0.0049,0.0293,0.00,0.0000,0.0000,0.0000
94.850,-0.4699,-0.0089,0.0049,0.0293,0.00,0.0000,0.0000,0.0000
94.900,-0.4714,-0.0089,0.0049,0.0293,0.00,0.0000,0.0000,0.0000
94.950,-0.4729,-0.0089,0.0049,0.0293,0.00,0.0000,0.0000,0.0000
95.000,-0.4743,-0.0090,0.0049,0.0293,0.00,0.0000,0.0000,0.0000
95.050,-0.4758,-0.0090,0.0049,0.0293,0.00,0.0000,0.0000,0.0000
95.100,-0.4773,-0.0090,0.0049,0.0293,0.00,0.0000,0.0000,0.0000
95.150,-0.4787,-0.0090,0.0049,0.0293,0.00,0.0000,0.0000,0.0000
95.200,-0.4802,-0.0090,0.0049,0.0293,0.00,0.0000,0.0000,0.0000
95.250,-0.4817,-0.0090,0.0049,0.0293,0.00,0.0000,0.0000,0.0000
95.300,-0.4831,-0.0090,0.0049,0.0293,0.00,0.0000,0.0000,0.0000
95.350,-0.4846,-0.0090,0.0049,0.0293,0.00,0.0000,0.0000,0.0000
95.400,-0.4860,-0.0090,0.0049,0.0293,0.00,0.0000,0.0000,0.0000
95.450,-0.4875,-0.0090,0.0049,0.0293,0.00,0.0000,0.0000,0.0000
95.500,-0.4890,-0.0090,0.0049,0.0293,0.00,0.0000,0.0000,0.0000
95.550,-0.4904,-0.0090,0.0049,0.0293,0.00,0.0000,0.0000,0.0000
95.600,-0.4919,-0.0090,0.0049,0.0293,0.00,0.0000,0.0000,0.0000
95.650,-0.4934,-0.0091,0.0049,0.0293,0.00,0.0000,0.0000,0.0000
95.700,-0.4948,-0.0091,0.0049,0.0293,0.00,0.0000,0.0000,0.0000
95.750,-0.4963,-0.0091,0.0049,0.0293,0.00,0.0000,0.0000,0.0000
95.800,-0.4978,-0.0091,0.0049,0.0293,0.00,0.0000,0.0000,0.0000
95.850,-0.4992,-0.0091,0.0049,0.0293,0.00,0.0000,0.0000,0.0000
95.900,-0.5007,-0.0091,0.0049,0.0293,0.00,0.0000,0.0000,0.0000
95.950,-0.5021,-0.0091,0.0049,0.0293,0.00,0.0000,0.0000,0.0000
96.000,-0.5036,-0.0091,0.0049,0.0293,0.00,0.0000,0.0000,0.0000
96.050,-0.5051,-0.0091,0.0049,0.0293,0.00,0.0000,0.0000,0.0000
96.100,-0.5065,-0.0091,0.0049,0.0293,0.00,0.0000,0.0000,0.0000
96.150,-0.5080,-0.0091,0.0049,0.0293,0.00,0.0000,0.0000,0.0000
96.200,-0.5095,-0.0091,0.0049,0.0293,0.00,0.0000,0.0000,0.0000
96.250,-0.5109,-0.0091,0.0049,0.0293,0.00,0.0000,0.0000,0.0000
96.300,-0.5124,-0.0091,0.0049,0.0293,0.00,0.0000,0.0000,0.0000
96.350,-0.5139,-0.0092,0.0049,0.0293,0.00,0.0000,0.0000,0.0000
96.400,-0.5153,-0.0092,0.0049,0.0293,0.00,0.0000,0.0000,0.0000
96.450,-0.5168,-0.0092,0.0049,0.0293,0.00,0.0000,0.0000,0.0000
96.500,-0.5182,-0.0092,0.0049,0.0293,0.00,0.0000,0.0000,0.0000
96.550,-0.5197,-0.0092,0.0049,0.0293,0.00,0.0000,0.0000,0.0000
96.600,-0.5212,-0.0092,0.0049,0.0293,0.00,0.0000,0.0000,0.0000
96.650,-0.5226,-0.0092,0.0049,0.0293,0.00,0.0000,0.0000,0.0000
96.700,-0.5241,-0.0092,0.0049,0.0293,0.00,0.0000,0.0000,0.0000
96.750,-0.5256,-0.0092,0.0049,0.0293,0.00,0.0000,0.0000,0.0000
96.800,-0.5270,-0.0092,0.0049,0.0293,0.00,0.0000,0.0000,0.0000
96.850,-0.5285,-0.0092,0.0049,0.0293,0.00,0.0000,0.0000,0.0000
96.900,-0.5300,-0.0092,0.0049,0.0293,0.00,0.0000,0.0000,0.0000
96.950,-0.5314,-0.0092,0.0049,0.0293,0.00,0.0000,0.0000,0.0000
97.000,-0.5329,-0.0092,0.0049,0.0293,0.00,0.0000,0.0000,0.0000
97.050,-0.5343,-0.0093,0.0049,0.0293,0.00,0.0000,0.0000,0.0000
97.100,-0.5358,-0.0093,0.0049,0.0293,0.00,0.0000,0.0000,0.0000
97.150,-0.5373,-0.0093,0.0049,0.0293,0.00,0.0000,0.0000,0.0000
97.200,-0.5387,-0.0093,0.0049,0.0293,0.00,0.0000,0.0000,0.0000
97.250,-0.5402,-0.0093,0.0049,0.0293,0.00,0.0000,0.0000,0.0000
97.300,-0.5417,-0.0093,0.0049,0.0293,0.00,0.0000,0.0000,0.0000
97.350,-0.5431,-0.0093,0.0049,0.0293,0.00,0.0000,0.0000,0.0000
97.400,-0.5446,-0.0093,0.0049,0.0293,0.00,0.0000,0.0000,0.0000
97.450,-0.5461,-0.0093,0.0049,0.0293,0.00,0.0000,0.0000,0.0000
97.500,-0.5475,-0.0093,0.0049,0.0293,0.00,0.0000,0.0000,0.0000
97.550,-0.5490,-0.0093,0.0049,0.0293,0.00,0.0000,0.0000,0.0000
97.600,-0.5505,-0.0093,0.0049,0.0293,0.00,0.0000,0.0000,0.0000
97.650,-0.5519,-0.0093,0.0049,0.0293,0.00,0.0000,0.0000,0.0000
97.700,-0.5534,-0.0093,0.0049,0.0293,0.00,0.0000,0.0000,0.0000
97.750,-0.5548,-0.0094,0.0049,0.0293,0.00,0.0000,0.0000,0.0000
97.800,-0.5563,-0.0094,0.0049,0.0293,0.00,0.0000,0.0000,0.0000
97.850,-0.5578,-0.0094,0.0049,0.0293,0.00,0.0000,0.0000,0.0000
97.900,-0.5592,-0.0094,0.0049,0.0293,0.00,0.0000,0.0000,0.0000
97.950,-0.5607,-0.0094,0.0049,0.0293,0.00,0.0000,0.0000,0.0000
98.000,-0.5622,-0.0094,0.0049,0.0293,0.00,0.0000,0.0000,0.0000
98.050,-0.5636,-0.0094,0.0049,0.0293,0.00,0.0000,0.0000,0.0000
98.100,-0.5651,-0.0094,0.0049,0.0293,0.00,0.0000,0.0000,0.0000
98.150,-0.5666,-0.0094,0.0049,0.0293,0.00,0.0000,0.0000,0.0000
98.200,-0.5680,-0.0094,0.0049,0.0293,0.00,0.0000,0.0000,0.0000
98.250,-0.5695,-0.0094,0.0049,0.0293,0.00,0.0000,0.0000,0.0000
98.300,-0.5709,-0.0094,0.0049,0.0293,0.00,0.0000,0.0000,0.0000
98.350,-0.5724,-0.0094,0.0049,0.0293,0.00,0.0000,0.0000,0.0000
98.400,-0.5739,-0.0095,0.0049,0.0293,0.00,0.0000,0.0000,0.0000
98.450,-0.5753,-0.0095,0.0049,0.0293,0.00,0.0000,0.0000,0.0000
98.500,-0.5768,-0.0095,0.0049,0.0293,0.00,0.0000,0.0000,0.0000
98.550,-0.5783,-0.0095,0.0049,0.0293,0.00,0.0000,0.0000,0.0000
98.600,-0.5797,-0.0095,0.0049,0.0293,0.00,0.0000,0.0000,0.0000
98.650,-0.5812,-0.0095,0.0049,0.0293,0.00,0.0000,0.0000,0.0000
98.700,-0.5827,-0.0095,0.0049,0.0293,0.00,0.0000,0.0000,0.0000
98.750,-0.5841,-0.0095,0.0049,0.0293,0.00,0.0000,0.0000,0.0000
98.800,-0.5856,-0.0095,0.0049,0.0293,0.00,0.0000,0.0000,0.0000
98.850,-0.5870,-0.0095,0.0049,0.0293,0.00,0.0000,0.0000,0.0000
98.900,-0.5885,-0.0095,0.0049,0.0293,0.00,0.0000,0.0000,0.0000
98.950,-0.5900,-0.0095,0.0049,0.0293,0.00,0.0000,0.0000,0.0000
99.000,-0.5914,-0.0095,0.0049,0.0293,0.00,0.0000,0.0000,0.0000
99.050,-0.5929,-0.0095,0.0049,0.0293,0.00,0.0000,0.0000,0.0000
99.100,-0.5944,-0.0096,0.0049,0.0293,0.00,0.0000,0.0000,0.0000
99.150,-0.5958,-0.0096,0.0049,0.0293,0.00,0.0000,0.0000,0.0000
99.200,-0.5973,-0.0096,0.0049,0.0293,0.00,0.0000,0.0000,0.0000
99.250,-0.5988,-0.0096,0.0049,0.0293,0.00,0.0000,0.0000,0.0000
99.300,-0.6002,-0.0096,0.0049,0.0293,0.00,0.0000,0.0000,0.0000
99.350,-0.6017,-0.0096,0.0049,0.0293,0.00,0.0000,0.0000,0.0000
99.400,-0.6031,-0.0096,0.0049,0.0293,0.00,0.0000,0.0000,0.0000
99.450,-0.6046,-0.0096,0.0049,0.0293,0.00,0.0000,0.0000,0.0000
99.500,-0.6061,-0.0096,0.0049,0.0293,0.00,0.0000,0.0000,0.0000
99.550,-0.6075,-0.0096,0.0049,0.0293,0.00,0.0000,0.0000,0.0000
99.600,-0.6090,-0.0096,0.0049,0.0293,0.00,0.0000,0.0000,0.0000
99.650,-0.6105,-0.0096,0.0049,0.0293,0.00,0.0000,0.0000,0.0000
99.700,-0.6119,-0.0096,0.0049,0.0293,0.00,0.0000,0.0000,0.0000
99.750,-0.6134,-0.0097,0.0049,0.0293,0.00,0.0000,0.0000,0.0000
99.800,-0.6149,-0.0097,0.0049,0.0293,0.00,0.0000,0.0000,0.0000
99.850,-0.6163,-0.0097,0.0049,0.0293,0.00,0.0000,0.0000,0.0000
99.900,-0.6178,-0.0097,0.0049,0.0293,0.00,0.0000,0.0000,0.0000
99.950,-0.6192,-0.0097,0.0049,0.0293,0.00,0.0000,0.0000,0.0000
100.000,-0.6207,-0.0097,0.0049,0.0293,0.00,0.0000,0.0000,0.0000
100.050,-0.6222,-0.0097,0.0049,0.0293,0.00,0.0000,0.0000,0.0000
100.100,-0.6236,-0.0097,0.0049,0.0293,0.00,0.0000,0.0000,0.0000
100.150,-0.6251,-0.0097,0.0049,0.0293,0.00,0.0000,0.0000,0.0000
100.200,-0.6266,-0.0097,0.0049,0.0293,0.00,0.0000,0.0000,0.0000
100.250,-0.6280,-0.0097,0.0049,0.0293,0.00,0.0000,0.0000,0.0000
100.300,-0.6295,-0.0097,0.0049,0.0293,0.00,0.0000,0.0000,0.0000
100.350,-0.6310,-0.0097,0.0049,0.0293,0.00,0.0000,0.0000,0.0000
100.400,-0.6324,-0.0097,0.0049,0.0293,0.00,0.0000,0.0000,0.0000
100.450,-0.6339,-0.0098,0.0049,0.0293,0.00,0.0000,0.0000,0.0000
100.500,-0.6354,-0.0098,0.0049,0.0293,0.00,0.0000,0.0000,0.0000
100.550,-0.6368,-0.0098,0.0049,0.0293,0.00,0.0000,0.0000,0.0000
100.600,-0.6383,-0.0098,0.0049,0.0293,0.00,0.0000,0.0000,0.0000
100.650,-0.6397,-0.0098,0.0049,0.0293,0.00,0.0000,0.0000,0.0000
100.700,-0.6412,-0.0098,0.0049,0.0293,0.00,0.0000,0.0000,0.0000
100.750,-0.6427,-0.0098,0.0049,0.0293,0.00,0.0000,0.0000,0.0000
100.800,-0.6441,-0.0098,0.0049,0.0293,0.00,0.0000,0.0000,0.0000
100.850,-0.6456,-0.0098,0.0049,0.0293,0.00,0.0000,0.0000,0.0000
100.900,-0.6471,-0.0098,0.0049,0.0293,0.00,0.0000,0.0000,0.0000
100.950,-0.6485,-0.0098,0.0049,0.0293,0.00,0.0000,0.0000,0.0000
101.000,-0.6500,-0.0098,0.0049,0.0293,0.00,0.0000,0.0000,0.0000
101.050,-0.6515,-0.0098,0.0049,0.0293,0.00,0.0000,0.0000,0.0000
101.100,-0.6529,-0.0098,0.0049,0.0293,0.00,0.0000,0.0000,0.0000
101.150,-0.6544,-0.0099,0.0049,0.0293,0.00,0.0000,0.0000,0.0000
101.200,-0.6558,-0.0099,0.0049,0.0293,0.00,0.0000,0.0000,0.0000
101.250,-0.6573,-0.0099,0.0049,0.0293,0.00,0.0000,0.0000,0.0000
101.300,-0.6588,-0.0099,0.0049,0.0293,0.00,0.0000,0.0000,0.0000
101.350,-0.6602,-0.0099,0.0049,0.0293,0.00,0.0000,0.0000,0.0000
101.400,-0.6617,-0.0099,0.0049,0.0293,0.00,0.0000,0.0000,0.0000
101.450,-0.6632,-0.0099,0.0049,0.0293,0.00,0.0000,0.0000,0.0000
101.500,-0.6646,-0.0099,0.0049,0.0293,0.00,0.0000,0.0000,0.0000
101.550,-0.6661,-0.0099,0.0049,0.0293,0.00,0.0000,0.0000,0.0000
101.600,-0.6676,-0.0099,0.0049,0.0293,0.00,0.0000,0.0000,0.0000
101.650,-0.6690,-0.0099,0.0049,0.0293,0.00,0.0000,0.0000,0.0000
101.700,-0.6705,-0.0099,0.0049,0.0293,0.00,0.0000,0.0000,0.0000
101.750,-0.6719,-0.0099,0.0049,0.0293,0.00,0.0000,0.0000,0.0000
101.800,-0.6734,-0.0100,0.0049,0.0293,0.00,0.0000,0.0000,0.0000
101.850,-0.6749,-0.0100,0.0049,0.0293,0.00,0.0000,0.0000,0.0000
101.900,-0.6763,-0.0100,0.0049,0.0293,0.00,0.0000,0.0000,0.0000
101.950,-0.6778,-0.0100,0.0049,0.0293,0.00,0.0000,0.0000,0.0000
102.000,-0.6793,-0.0100,0.0049,0.0293,0.00,0.0000,0.0000,0.0000
102.050,-0.6807,-0.0100,0.0049,0.0293,0.00,0.0000,0.0000,0.0000
102.100,-0.6822,-0.0100,0.0049,0.0293,0.00,0.0000,0.0000,0.0000
102.150,-0.6837,-0.0100,0.0049,0.0293,0.00,0.0000,0.0000,0.0000
102.200,-0.6851,-0.0100,0.0049,0.0293,0.00,0.0000,0.0000,0.0000
102.250,-0.6866,-0.0100,0.0049,0.0293,0.00,0.0000,0.0000,0.0000
102.300,-0.6880,-0.0100,0.0049,0.0293,0.00,0.0000,0.0000,0.0000
102.350,-0.6895,-0.0100,0.0049,0.0293,0.00,0.0000,0.0000,0.0000
102.400,-0.6910,-0.0100,0.0049,0.0293,0.00,0.0000,0.0000,0.0000
102.450,-0.6924,-0.0100,0.0049,0.0293,0.00,0.0000,0.0000,0.0000
102.500,-0.6939,-0.0101,0.0049,0.0293,0.00,0.0000,0.0000,0.0000
102.550,-0.6954,-0.0101,0.0049,0.0293,0.00,0.0000,0.0000,0.0000
102.600,-0.6968,-0.0101,0.0049,0.0293,0.00,0.0000,0.0000,0.0000
102.650,-0.6983,-0.0101,0.0049,0.0293,0.00,0.0000,0.0000,0.0000
102.700,-0.6998,-0.0101,0.0049,0.0293,0.00,0.0000,0.0000,0.0000
102.750,-0.7012,-0.0101,0.0049,0.0293,0.00,0.0000,0.0000,0.0000
102.800,-0.7027,-0.0101,0.0049,0.0293,0.00,0.0000,0.0000,0.0000
102.850,-0.7041,-0.0101,0.0049,0.0293,0.00,0.0000,0.0000,0.0000
102.900,-0.7056,-0.0101,0.0049,0.0293,0.00,0.0000,0.0000,0.0000
102.950,-0.7071,-0.0101,0.0049,0.0293,0.00,0.0000,0.0000,0.0000
103.000,-0.7085,-0.0101,0.0049,0.0293,0.00,0.0000,0.0000,0.0000
103.050,-0.7100,-0.0101,0.0049,0.0293,0.00,0.0000,0.0000,0.0000
103.100,-0.7115,-0.0101,0.0049,0.0293,0.00,0.0000,0.0000,0.0000
103.150,-0.7129,-0.0102,0.0049,0.0293,0.00,0.0000,0.0000,0.0000
103.200,-0.7144,-0.0102,0.0049,0.0293,0.00,0.0000,0.0000,0.0000
103.250,-0.7159,-0.0102,0.0049,0.0293,0.00,0.0000,0.0000,0.0000
103.300,-0.7173,-0.0102,0.0049,0.0293,0.00,0.0000,0.0000,0.0000
103.350,-0.7188,-0.0102,0.0049,0.0293,0.00,0.0000,0.0000,0.0000
103.400,-0.7203,-0.0102,0.0049,0.0293,0.00,0.0000,0.0000,0.0000
103.450,-0.7217,-0.0102,0.0049,0.0293,0.00,0.0000,0.0000,0.0000
103.500,-0.7232,-0.0102,0.0049,0.0293,0.00,0.0000,0.0000,0.0000
103.550,-0.7246,-0.0102,0.0049,0.0293,0.00,0.0000,0.0000,0.0000
103.600,-0.7261,-0.0102,0.0049,0.0293,0.00,0.0000,0.0000,0.0000
103.650,-0.7276,-0.0102,0.0049,0.0293,0.00,0.0000,0.0000,0.0000
103.700,-0.7290,-0.0102,0.0049,0.0293,0.00,0.0000,0.0000,0.0000
103.750,-0.7305,-0.0102,0.0049,0.0293,0.00,0.0000,0.0000,0.0000
103.800,-0.7320,-0.0102,0.0049,0.0293,0.00,0.0000,0.0000,0.0000
103.850,-0.7334,-0.0103,0.0049,0.0293,0.00,0.0000,0.0000,0.0000
103.900,-0.7349,-0.0103,0.0049,0.0293,0.00,0.0000,0.0000,0.0000
103.950,-0.7364,-0.0103,0.0049,0.0293,0.00,0.0000,0.0000,0.0000
104.000,-0.7378,-0.0103,0.0049,0.0293,0.00,0.0000,0.0000,0.0000
104.050,-0.7393,-0.0103,0.0049,0.0293,0.00,0.0000,0.0000,0.0000
104.100,-0.7407,-0.0103,0.0050,0.0293,0.00,0.0000,0.0000,0.0000
104.150,-0.7422,-0.0103,0.0050,0.0293,0.00,0.0000,0.0000,0.0000
104.200,-0.7437,-0.0103,0.0050,0.0293,0.00,0.0000,0.0000,0.0000
104.250,-0.7451,-0.0103,0.0050,0.0293,0.00,0.0000,0.0000,0.0000
104.300,-0.7466,-0.0103,0.0050,0.0293,0.00,0.0000,0.0000,0.0000
104.350,-0.7481,-0.0103,0.0050,0.0293,0.00,0.0000,0.0000,0.0000
104.400,-0.7495,-0.0103,0.0050,0.0293,0.00,0.0000,0.0000,0.0000
104.450,-0.7510,-0.0103,0.0050,0.0293,0.00,0.0000,0.0000,0.0000
104.500,-0.7525,-0.0103,0.0050,0.0293,0.00,0.0000,0.0000,0.0000
104.550,-0.7539,-0.0104,0.0050,0.0293,0.00,0.0000,0.0000,0.0000
104.600,-0.7554,-0.0104,0.0050,0.0293,0.00,0.0000,0.0000,0.0000
104.650,-0.7568,-0.0104,0.0050,0.0293,0.00,0.0000,0.0000,0.0000
104.700,-0.7583,-0.0104,0.0050,0.0293,0.00,0.0000,0.0000,0.0000
104.750,-0.7598,-0.0104,0.0050,0.0293,0.00,0.0000,0.0000,0.0000
104.800,-0.7612,-0.0104,0.0050,0.0293,0.00,0.0000,0.0000,0.0000
104.850,-0.7627,-0.0104,0.0050,0.0293,0.00,0.0000,0.0000,0.0000
104.900,-0.7642,-0.0104,0.0050,0.0293,0.00,0.0000,0.0000,0.0000
104.950,-0.7656,-0.0104,0.0050,0.0293,0.00,0.0000,0.0000,0.0000
105.000,-0.7671,-0.0104,0.0050,0.0293,0.00,0.0000,0.0000,0.0000
105.050,-0.7685,-0.0104,0.0050,0.0293,0.00,0.0000,0.0000,0.0000
105.100,-0.7700,-0.0104,0.0050,0.0293,0.00,0.0000,0.0000,0.0000
105.150,-0.7715,-0.0104,0.0050,0.0293,0.00,0.0000,0.0000,0.0000
105.200,-0.7729,-0.0105,0.0050,0.0293,0.00,0.0000,0.0000,0.0000
105.250,-0.7744,-0.0105,0.0050,0.0293,0.00,0.0000,0.0000,0.0000
105.300,-0.7759,-0.0105,0.0050,0.0293,0.00,0.0000,0.0000,0.0000
105.350,-0.7773,-0.0105,0.0050,0.0293,0.00,0.0000,0.0000,0.0000
105.400,-0.7788,-0.0105,0.0050,0.0293,0.00,0.0000,0.0000,0.0000
105.450,-0.7802,-0.0105,0.0050,0.0293,0.00,0.0000,0.0000,0.0000
105.500,-0.7817,-0.0105,0.0050,0.0293,0.00,0.0000,0.0000,0.0000
105.550,-0.7832,-0.0105,0.0050,0.0293,0.00,0.0000,0.0000,0.0000
105.600,-0.7846,-0.0105,0.0050,0.0293,0.00,0.0000,0.0000,0.0000
105.650,-0.7861,-0.0105,0.0050,0.0293,0.00,0.0000,0.0000,0.0000
105.700,-0.7876,-0.0105,0.0050,0.0293,0.00,0.0000,0.0000,0.0000
105.750,-0.7890,-0.0105,0.0050,0.0293,0.00,0.0000,0.0000,0.0000
105.800,-0.7905,-0.0105,0.0050,0.0293,0.00,0.0000,0.0000,0.0000
105.850,-0.7920,-0.0105,0.0050,0.0293,0.00,0.0000,0.0000,0.0000
105.900,-0.7934,-0.0106,0.0050,0.0293,0.00,0.0000,0.0000,0.0000
105.950,-0.7949,-0.0106,0.0050,0.0293,0.00,0.0000,0.0000,0.0000
106.000,-0.7963,-0.0106,0.0050,0.0293,0.00,0.0000,0.0000,0.0000
106.050,-0.7978,-0.0106,0.0050,0.0293,0.00,0.0000,0.0000,0.0000
106.100,-0.7993,-0.0106,0.0050,0.0293,0.00,0.0000,0.0000,0.0000
106.150,-0.8007,-0.0106,0.0050,0.0293,0.00,0.0000,0.0000,0.0000
106.200,-0.8022,-0.0106,0.0050,0.0293,0.00,0.0000,0.0000,0.0000
106.250,-0.8037,-0.0106,0.0050,0.0293,0.00,0.0000,0.0000,0.0000
106.300,-0.8051,-0.0106,0.0050,0.0293,0.00,0.0000,0.0000,0.0000
106.350,-0.8066,-0.0106,0.0050,0.0293,0.00,0.0000,0.0000,0.0000
106.400,-0.8080,-0.0106,0.0050,0.0293,0.00,0.0000,0.0000,0.0000
106.450,-0.8095,-0.0106,0.0050,0.0293,0.00,0.0000,0.0000,0.0000
106.500,-0.8110,-0.0106,0.0050,0.0293,0.00,0.0000,0.0000,0.0000
106.550,-0.8124,-0.0106,0.0050,0.0293,0.00,0.0000,0.0000,0.0000
106.600,-0.8139,-0.0107,0.0050,0.0293,0.00,0.0000,0.0000,0.0000
106.650,-0.8154,-0.0107,0.0050,0.0293,0.00,0.0000,0.0000,0.0000
106.700,-0.8168,-0.0107,0.0050,0.0293,0.00,0.0000,0.0000,0.0000
106.750,-0.8183,-0.0107,0.0050,0.0293,0.00,0.0000,0.0000,0.0000
106.800,-0.8198,-0.0107,0.0050,0.0293,0.00,0.0000,0.0000,0.0000
106.850,-0.8212,-0.0107,0.0050,0.0293,0.00,0.0000,0.0000,0.0000
106.900,-0.8227,-0.0107,0.0050,0.0293,0.00,0.0000,0.0000,0.0000
106.950,-0.8241,-0.0107,0.0050,0.0293,0.00,0.0000,0.0000,0.0000
107.000,-0.8256,-0.0107,0.0050,0.0293,0.00,0.0000,0.0000,0.0000
107.050,-0.8271,-0.0107,0.0050,0.0293,0.00,0.0000,0.0000,0.0000
107.100,-0.8285,-0.0107,0.0050,0.0293,0.00,0.0000,0.0000,0.0000
107.150,-0.8300,-0.0107,0.0050,0.0293,0.00,0.0000,0.0000,0.0000
107.200,-0.8315,-0.0107,0.0050,0.0293,0.00,0.0000,0.0000,0.0000
107.250,-0.8329,-0.0107,0.0050,0.0293,0.00,0.0000,0.0000,0.0000
107.300,-0.8344,-0.0108,0.0050,0.0293,0.00,0.0000,0.0000,0.0000
107.350,-0.8358,-0.0108,0.0050,0.0293,0.00,0.0000,0.0000,0.0000
107.400,-0.8373,-0.0108,0.0050,0.0293,0.00,0.0000,0.0000,0.0000
107.450,-0.8388,-0.0108,0.0050,0.0293,0.00,0.0000,0.0000,0.0000
107.500,-0.8402,-0.0108,0.0050,0.0293,0.00,0.0000,0.0000,0.0000
107.550,-0.8417,-0.0108,0.0050,0.0293,0.00,0.0000,0.0000,0.0000
107.600,-0.8432,-0.0108,0.0050,0.0293,0.00,0.0000,0.0000,0.0000
107.650,-0.8446,-0.0108,0.0050,0.0293,0.00,0.0000,0.0000,0.0000
107.700,-0.8461,-0.0108,0.0050,0.0293,0.00,0.0000,0.0000,0.0000
107.750,-0.8476,-0.0108,0.0050,0.0293,0.00,0.0000,0.0000,0.0000
107.800,-0.8490,-0.0108,0.0050,0.0293,0.00,0.0000,0.0000,0.0000
107.850,-0.8505,-0.0108,0.0050,0.0293,0.00,0.0000,0.0000,0.0000
107.900,-0.8519,-0.0108,0.0050,0.0293,0.00,0.0000,0.0000,0.0000
107.950,-0.8534,-0.0109,0.0050,0.0293,0.00,0.0000,0.0000,0.0000
108.000,-0.8549,-0.0109,0.0050,0.0293,0.00,0.0000,0.0000,0.0000
108.050,-0.8563,-0.0109,0.0050,0.0293,0.00,0.0000,0.0000,0.0000
108.100,-0.8578,-0.0109,0.0050,0.0293,0.00,0.0000,0.0000,0.0000
108.150,-0.8593,-0.0109,0.0050,0.0293,0.00,0.0000,0.0000,0.0000
108.200,-0.8607,-0.0109,0.0050,0.0293,0.00,0.0000,0.0000,0.0000
108.250,-0.8622,-0.0109,0.0050,0.0293,0.00,0.0000,0.0000,0.0000
108.300,-0.8636,-0.0109,0.0050,0.0293,0.00,0.0000,0.0000,0.0000
108.350,-0.8651,-0.0109,0.0050,0.0293,0.00,0.0000,0.0000,0.0000
108.400,-0.8666,-0.0109,0.0050,0.0293,0.00,0.0000,0.0000,0.0000
108.450,-0.8680,-0.0109,0.0050,0.0293,0.00,0.0000,0.0000,0.0000
108.500,-0.8695,-0.0109,0.0050,0.0293,0.00,0.0000,0.0000,0.0000
108.550,-0.8710,-0.0109,0.0050,0.0293,0.00,0.0000,0.0000,0.0000
108.600,-0.8724,-0.0109,0.0050,0.0293,0.00,0.0000,0.0000,0.0000
108.650,-0.8739,-0.0110,0.0050,0.0293,0.00,0.0000,0.0000,0.0000
108.700,-0.8754,-0.0110,0.0050,0.0293,0.00,0.0000,0.0000,0.0000
108.750,-0.8768,-0.0110,0.0050,0.0293,0.00,0.0000,0.0000,0.0000
108.800,-0.8783,-0.0110,0.0050,0.0293,0.00,0.0000,0.0000,0.0000
108.850,-0.8797,-0.0110,0.0050,0.0293,0.00,0.0000,0.0000,0.0000
108.900,-0.8812,-0.0110,0.0050,0.0293,0.00,0.0000,0.0000,0.0000
108.950,-0.8827,-0.0110,0.0050,0.0293,0.00,0.0000,0.0000,0.0000
109.000,-0.8841,-0.0110,0.0050,0.0293,0.00,0.0000,0.0000,0.0000
109.050,-0.8856,-0.0110,0.0050,0.0293,0.00,0.0000,0.0000,0.0000
109.100,-0.8871,-0.0110,0.0050,0.0293,0.00,0.0000,0.0000,0.0000
109.150,-0.8885,-0.0110,0.0050,0.0293,0.00,0.0000,0.0000,0.0000
109.200,-0.8900,-0.0110,0.0050,0.0293,0.00,0.0000,0.0000,0.0000
109.250,-0.8914,-0.0110,0.0050,0.0293,0.00,0.0000,0.0000,0.0000
109.300,-0.8929,-0.0110,0.0050,0.0293,0.00,0.0000,0.0000,0.0000
109.350,-0.8944,-0.0111,0.0050,0.0293,0.00,0.0000,0.0000,0.0000
109.400,-0.8958,-0.0111,0.0050,0.0293,0.00,0.0000,0.0000,0.0000
109.450,-0.8973,-0.0111,0.0050,0.0293,0.00,0.0000,0.0000,0.0000
109.500,-0.8988,-0.0111,0.0050,0.0293,0.00,0.0000,0.0000,0.0000
109.550,-0.9002,-0.0111,0.0050,0.0293,0.00,0.0000,0.0000,0.0000
109.600,-0.9017,-0.0111,0.0050,0.0293,0.00,0.0000,0.0000,0.0000
109.650,-0.9031,-0.0111,0.0050,0.0293,0.00,0.0000,0.0000,0.0000
109.700,-0.9046,-0.0111,0.0050,0.0293,0.00,0.0000,0.0000,0.0000
109.750,-0.9061,-0.0111,0.0050,0.0293,0.00,0.0000,0.0000,0.0000
109.800,-0.9075,-0.0111,0.0050,0.0293,0.00,0.0000,0.0000,0.0000
109.850,-0.9090,-0.0111,0.0050,0.0293,0.00,0.0000,0.0000,0.0000
109.900,-0.9105,-0.0111,0.0050,0.0293,0.00,0.0000,0.0000,0.0000
109.950,-0.9119,-0.0111,0.0050,0.0293,0.00,0.0000,0.0000,0.0000
110.000,-0.9134,-0.0112,0.0050,0.0293,0.00,0.0000,0.0000,0.0000
110.050,-0.9149,-0.0112,0.0050,0.0293,0.00,0.0000,0.0000,0.0000
110.100,-0.9163,-0.0112,0.0050,0.0293,0.00,0.0000,0.0000,0.0000
110.150,-0.9178,-0.0112,0.0050,0.0293,0.00,0.0000,0.0000,0.0000
110.200,-0.9192,-0.0112,0.0050,0.0293,0.00,0.0000,0.0000,0.0000
110.250,-0.9207,-0.0112,0.0050,0.0293,0.00,0.0000,0.0000,0.0000
110.300,-0.9222,-0.0112,0.0050,0.0293,0.00,0.0000,0.0000,0.0000
110.350,-0.9236,-0.0112,0.0050,0.0293,0.00,0.0000,0.0000,0.0000
110.400,-0.9251,-0.0112,0.0050,0.0293,0.00,0.0000,0.0000,0.0000
110.450,-0.9266,-0.0112,0.0050,0.0293,0.00,0.0000,0.0000,0.0000
110.500,-0.9280,-0.0112,0.0050,0.0293,0.00,0.0000,0.0000,0.0000
110.550,-0.9295,-0.0112,0.0050,0.0293,0.00,0.0000,0.0000,0.0000
110.600,-0.9309,-0.0112,0.0050,0.0293,0.00,0.0000,0.0000,0.0000
110.650,-0.9324,-0.0112,0.0050,0.0293,0.00,0.0000,0.0000,0.0000
110.700,-0.9339,-0.0113,0.0050,0.0293,0.00,0.0000,0.0000,0.0000
110.750,-0.9353,-0.0113,0.0050,0.0293,0.00,0.0000,0.0000,0.0000
110.800,-0.9368,-0.0113,0.0050,0.0293,0.00,0.0000,0.0000,0.0000
110.850,-0.9383,-0.0113,0.0050,0.0293,0.00,0.0000,0.0000,0.0000
110.900,-0.9397,-0.0113,0.0050,0.0293,0.00,0.0000,0.0000,0.0000
110.950,-0.9412,-0.0113,0.0050,0.0293,0.00,0.0000,0.0000,0.0000
111.000,-0.9426,-0.0113,0.0050,0.0293,0.00,0.0000,0.0000,0.0000
111.050,-0.9441,-0.0113,0.0050,0.0293,0.00,0.0000,0.0000,0.0000
111.100,-0.9456,-0.0113,0.0050,0.0293,0.00,0.0000,0.0000,0.0000
111.150,-0.9470,-0.0113,0.0050,0.0293,0.00,0.0000,0.0000,0.0000
111.200,-0.9485,-0.0113,0.0050,0.0293,0.00,0.0000,0.0000,0.0000
111.250,-0.9500,-0.0113,0.0051,0.0293,0.00,0.0000,0.0000,0.0000
111.300,-0.9514,-0.0113,0.0051,0.0293,0.00,0.0000,0.0000,0.0000
111.350,-0.9529,-0.0113,0.0051,0.0293,0.00,0.0000,0.0000,0.0000
111.400,-0.9544,-0.0114,0.0051,0.0293,0.00,0.0000,0.0000,0.0000
111.450,-0.9558,-0.0114,0.0051,0.0293,0.00,0.0000,0.0000,0.0000
111.500,-0.9573,-0.0114,0.0051,0.0293,0.00,0.0000,0.0000,0.0000
111.550,-0.9587,-0.0114,0.0051,0.0293,0.00,0.0000,0.0000,0.0000
111.600,-0.9602,-0.0114,0.0051,0.0293,0.00,0.0000,0.0000,0.0000
111.650,-0.9617,-0.0114,0.0051,0.0293,0.00,0.0000,0.0000,0.0000
111.700,-0.9631,-0.0114,0.0051,0.0293,0.00,0.0000,0.0000,0.0000
111.750,-0.9646,-0.0114,0.0051,0.0293,0.00,0.0000,0.0000,0.0000
111.800,-0.9661,-0.0114,0.0051,0.0293,0.00,0.0000,0.0000,0.0000
111.850,-0.9675,-0.0114,0.0051,0.0293,0.00,0.0000,0.0000,0.0000
111.900,-0.9690,-0.0114,0.0051,0.0293,0.00,0.0000,0.0000,0.0000
111.950,-0.9704,-0.0114,0.0051,0.0293,0.00,0.0000,0.0000,0.0000
112.000,-0.9719,-0.0114,0.0051,0.0293,0.00,0.0000,0.0000,0.0000
112.050,-0.9734,-0.0114,0.0051,0.0293,0.00,0.0000,0.0000,0.0000
112.100,-0.9748,-0.0115,0.0051,0.0293,0.00,0.0000,0.0000,0.0000
112.150,-0.9763,-0.0115,0.0051,0.0293,0.00,0.0000,0.0000,0.0000
112.200,-0.9778,-0.0115,0.0051,0.0293,0.00,0.0000,0.0000,0.0000
112.250,-0.9792,-0.0115,0.0051,0.0293,0.00,0.0000,0.0000,0.0000
112.300,-0.9807,-0.0115,0.0051,0.0293,0.00,0.0000,0.0000,0.0000
112.350,-0.9821,-0.0115,0.0051,0.0293,0.00,0.0000,0.0000,0.0000
112.400,-0.9836,-0.0115,0.0051,0.0293,0.00,0.0000,0.0000,0.0000
112.450,-0.9851,-0.0115,0.0051,0.0293,0.00,0.0000,0.0000,0.0000
112.500,-0.9865,-0.0115,0.0051,0.0293,0.00,0.0000,0.0000,0.0000
112.550,-0.9880,-0.0115,0.0051,0.0293,0.00,0.0000,0.0000,0.0000
112.600,-0.9895,-0.0115,0.0051,0.0293,0.00,0.0000,0.0000,0.0000
112.650,-0.9909,-0.0115,0.0051,0.0293,0.00,0.0000,0.0000,0.0000
112.700,-0.9924,-0.0115,0.0051,0.0293,0.00,0.0000,0.0000,0.0000
112.750,-0.9939,-0.0116,0.0051,0.0293,0.00,0.0000,0.0000,0.0000
112.800,-0.9953,-0.0116,0.0051,0.0293,0.00,0.0000,0.0000,0.0000
112.850,-0.9968,-0.0116,0.0051,0.0293,0.00,0.0000,0.0000,0.0000
112.900,-0.9982,-0.0116,0.0051,0.0293,0.00,0.0000,0.0000,0.0000
112.950,-0.9997,-0.0116,0.0051,0.0293,0.00,0.0000,0.0000,0.0000
113.000,-1.0012,-0.0116,0.0051,0.0293,0.00,0.0000,0.0000,0.0000
113.050,-1.0026,-0.0116,0.0051,0.0293,0.00,0.0000,0.0000,0.0000
113.100,-1.0041,-0.0116,0.0051,0.0293,0.00,0.0000,0.0000,0.0000
113.150,-1.0056,-0.0116,0.0051,0.0293,0.00,0.0000,0.0000,0.0000
113.200,-1.0070,-0.0116,0.0051,0.0293,0.00,0.0000,0.0000,0.0000
113.250,-1.0085,-0.0116,0.0051,0.0293,0.00,0.0000,0.0000,0.0000
113.300,-1.0099,-0.0116,0.0051,0.0293,0.00,0.0000,0.0000,0.0000
113.350,-1.0114,-0.0116,0.0051,0.0293,0.00,0.0000,0.0000,0.0000
113.400,-1.0129,-0.0116,0.0052,0.0293,0.00,0.0000,0.0000,0.0000
113.450,-1.0143,-0.0117,0.0052,0.0293,0.00,0.0000,0.0000,0.0000
113.500,-1.0158,-0.0117,0.0052,0.0293,0.00,0.0000,0.0000,0.0000
113.550,-1.0173,-0.0117,0.0052,0.0293,0.00,0.0000,0.0000,0.0000
113.600,-1.0187,-0.0117,0.0052,0.0293,0.00,0.0000,0.0000,0.0000
113.650,-1.0202,-0.0117,0.0052,0.0293,0.00,0.0000,0.0000,0.0000
113.700,-1.0217,-0.0117,0.0052,0.0293,0.00,0.0000,0.0000,0.0000
113.750,-1.0231,-0.0117,0.0052,0.0293,0.00,0.0000,0.0000,0.0000
113.800,-1.0246,-0.0117,0.0052,0.0293,0.00,0.0000,0.0000,0.0000
113.850,-1.0260,-0.0117,0.0052,0.0293,0.00,0.0000,0.0000,0.0000
113.900,-1.0275,-0.0117,0.0052,0.0293,0.00,0.0000,0.0000,0.0000
113.950,-1.0290,-0.0117,0.0052,0.0293,0.00,0.0000,0.0000,0.0000
114.000,-1.0304,-0.0117,0.0052,0.0293,0.00,0.0000,0.0000,0.0000
114.050,-1.0319,-0.0117,0.0052,0.0293,0.00,0.0000,0.0000,0.0000
114.100,-1.0334,-0.0118,0.0052,0.0293,0.00,0.0000,0.0000,0.0000
114.150,-1.0348,-0.0118,0.0052,0.0293,0.00,0.0000,0.0000,0.0000
114.200,-1.0363,-0.0118,0.0052,0.0293,0.00,0.0000,0.0000,0.0000
114.250,-1.0377,-0.0118,0.0052,0.0293,0.00,0.0000,0.0000,0.0000
114.300,-1.0392,-0.0118,0.0052,0.0293,0.00,0.0000,0.0000,0.0000
114.350,-1.0407,-0.0118,0.0052,0.0293,0.00,0.0000,0.0000,0.0000
114.400,-1.0421,-0.0118,0.0052,0.0293,0.00,0.0000,0.0000,0.0000
114.450,-1.0436,-0.0118,0.0052,0.0293,0.00,0.0000,0.0000,0.0000
114.500,-1.0451,-0.0118,0.0052,0.0293,0.00,0.0000,0.0000,0.0000
114.550,-1.0465,-0.0118,0.0052,0.0293,0.00,0.0000,0.0000,0.0000
114.600,-1.0480,-0.0118,0.0052,0.0293,0.00,0.0000,0.0000,0.0000
114.650,-1.0495,-0.0118,0.0052,0.0293,0.00,0.0000,0.0000,0.0000
114.700,-1.0509,-0.0118,0.0052,0.0293,0.00,0.0000,0.0000,0.0000
114.750,-1.0524,-0.0119,0.0052,0.0293,0.00,0.0000,0.0000,0.0000
114.800,-1.0538,-0.0119,0.0052,0.0293,0.00,0.0000,0.0000,0.0000
114.850,-1.0553,-0.0119,0.0052,0.0293,0.00,0.0000,0.0000,0.0000
114.900,-1.0568,-0.0119,0.0052,0.0293,0.00,0.0000,0.0000,0.0000
114.950,-1.0582,-0.0119,0.0052,0.0293,0.00,0.0000,0.0000,0.0000
115.000,-1.0597,-0.0119,0.0052,0.0293,0.00,0.0000,0.0000,0.0000
115.050,-1.0612,-0.0119,0.0052,0.0293,0.00,0.0000,0.0000,0.0000
115.100,-1.0626,-0.0119,0.0052,0.0293,0.00,0.0000,0.0000,0.0000
115.150,-1.0641,-0.0119,0.0052,0.0293,0.00,0.0000,0.0000,0.0000
115.200,-1.0655,-0.0119,0.0052,0.0293,0.00,0.0000,0.0000,0.0000
115.250,-1.0670,-0.0119,0.0052,0.0293,0.00,0.0000,0.0000,0.0000
115.300,-1.0685,-0.0119,0.0053,0.0293,0.00,0.0000,0.0000,0.0000
115.350,-1.0699,-0.0119,0.0053,0.0293,0.00,0.0000,0.0000,0.0000
115.400,-1.0714,-0.0119,0.0053,0.0293,0.00,0.0000,0.0000,0.0000
115.450,-1.0729,-0.0120,0.0053,0.0293,0.00,0.0000,0.0000,0.0000
115.500,-1.0743,-0.0120,0.0053,0.0293,0.00,0.0000,0.0000,0.0000
115.550,-1.0758,-0.0120,0.0053,0.0293,0.00,0.0000,0.0000,0.0000
115.600,-1.0773,-0.0120,0.0053,0.0293,0.00,0.0000,0.0000,0.0000
115.650,-1.0787,-0.0120,0.0053,0.0293,0.00,0.0000,0.0000,0.0000
115.700,-1.0802,-0.0120,0.0053,0.0293,0.00,0.0000,0.0000,0.0000
115.750,-1.0816,-0.0120,0.0053,0.0293,0.00,0.0000,0.0000,0.0000
115.800,-1.0831,-0.0120,0.0053,0.0293,0.00,0.0000,0.0000,0.0000
115.850,-1.0846,-0.0120,0.0053,0.0293,0.00,0.0000,0.0000,0.0000
115.900,-1.0860,-0.0120,0.0053,0.0293,0.00,0.0000,0.0000,0.0000
115.950,-1.0875,-0.0120,0.0053,0.0293,0.00,0.0000,0.0000,0.0000
116.000,-1.0890,-0.0120,0.0053,0.0293,0.00,0.0000,0.0000,0.0000
116.050,-1.0904,-0.0120,0.0053,0.0293,0.00,0.0000,0.0000,0.0000
116.100,-1.0919,-0.0121,0.0053,0.0293,0.00,0.0000,0.0000,0.0000
116.150,-1.0933,-0.0121,0.0053,0.0293,0.00,0.0000,0.0000,0.0000
116.200,-1.0948,-0.0121,0.0053,0.0293,0.00,0.0000,0.0000,0.0000
116.250,-1.0963,-0.0121,0.0053,0.0293,0.00,0.0000,0.0000,0.0000
116.300,-1.0977,-0.0121,0.0053,0.0293,0.00,0.0000,0.0000,0.0000
116.350,-1.0992,-0.0121,0.0053,0.0293,0.00,0.0000,0.0000,0.0000
116.400,-1.1007,-0.0121,0.0053,0.0293,0.00,0.0000,0.0000,0.0000
116.450,-1.1021,-0.0121,0.0053,0.0293,0.00,0.0000,0.0000,0.0000
116.500,-1.1036,-0.0121,0.0053,0.0293,0.00,0.0000,0.0000,0.0000
116.550,-1.1051,-0.0121,0.0053,0.0293,0.00,0.0000,0.0000,0.0000
116.600,-1.1065,-0.0121,0.0053,0.0293,0.00,0.0000,0.0000,0.0000
116.650,-1.1080,-0.0121,0.0053,0.0293,0.00,0.0000,0.0000,0.0000
116.700,-1.1094,-0.0121,0.0053,0.0293,0.00,0.0000,0.0000,0.0000
116.750,-1.1109,-0.0122,0.0053,0.0293,0.00,0.0000,0.0000,0.0000
116.800,-1.1124,-0.0122,0.0053,0.0293,0.00,0.0000,0.0000,0.0000
116.850,-1.1138,-0.0122,0.0053,0.0293,0.00,0.0000,0.0000,0.0000
116.900,-1.1153,-0.0122,0.0053,0.0293,0.00,0.0000,0.0000,0.0000
116.950,-1.1168,-0.0122,0.0053,0.0293,0.00,0.0000,0.0000,0.0000
117.000,-1.1182,-0.0122,0.0053,0.0293,0.00,0.0000,0.0000,0.0000
117.050,-1.1197,-0.0122,0.0053,0.0293,0.00,0.0000,0.0000,0.0000
117.100,-1.1211,-0.0122,0.0053,0.0293,0.00,0.0000,0.0000,0.0000
117.150,-1.1226,-0.0122,0.0053,0.0293,0.00,0.0000,0.0000,0.0000
117.200,-1.1241,-0.0122,0.0054,0.0293,0.00,0.0000,0.0000,0.0000
117.250,-1.1255,-0.0122,0.0054,0.0293,0.00,0.0000,0.0000,0.0000
117.300,-1.1270,-0.0122,0.0054,0.0293,0.00,0.0000,0.0000,0.0000
117.350,-1.1285,-0.0122,0.0054,0.0293,0.00,0.0000,0.0000,0.0000
117.400,-1.1299,-0.0123,0.0054,0.0293,0.00,0.0000,0.0000,0.0000
117.450,-1.1314,-0.0123,0.0054,0.0293,0.00,0.0000,0.0000,0.0000
117.500,-1.1329,-0.0123,0.0054,0.0293,0.00,0.0000,0.0000,0.0000
117.550,-1.1343,-0.0123,0.0054,0.0293,0.00,0.0000,0.0000,0.0000
117.600,-1.1358,-0.0123,0.0054,0.0293,0.00,0.0000,0.0000,0.0000
117.650,-1.1372,-0.0123,0.0054,0.0293,0.00,0.0000,0.0000,0.0000
117.700,-1.1387,-0.0123,0.0054,0.0293,0.00,0.0000,0.0000,0.0000
117.750,-1.1402,-0.0123,0.0054,0.0293,0.00,0.0000,0.0000,0.0000
117.800,-1.1416,-0.0123,0.0054,0.0293,0.00,0.0000,0.0000,0.0000
117.850,-1.1431,-0.0123,0.0054,0.0293,0.00,0.0000,0.0000,0.0000
117.900,-1.1446,-0.0123,0.0054,0.0293,0.00,0.0000,0.0000,0.0000
117.950,-1.1460,-0.0123,0.0054,0.0293,0.00,0.0000,0.0000,0.0000
118.000,-1.1475,-0.0123,0.0054,0.0293,0.00,0.0000,0.0000,0.0000
118.050,-1.1489,-0.0124,0.0054,0.0293,0.00,0.0000,0.0000,0.0000
118.100,-1.1504,-0.0124,0.0054,0.0293,0.00,0.0000,0.0000,0.0000
118.150,-1.1519,-0.0124,0.0054,0.0293,0.00,0.0000,0.0000,0.0000
118.200,-1.1533,-0.0124,0.0054,0.0293,0.00,0.0000,0.0000,0.0000
118.250,-1.1548,-0.0124,0.0054,0.0293,0.00,0.0000,0.0000,0.0000
118.300,-1.1563,-0.0124,0.0054,0.0293,0.00,0.0000,0.0000,0.0000
118.350,-1.1577,-0.0124,0.0054,0.0293,0.00,0.0000,0.0000,0.0000
118.400,-1.1592,-0.0124,0.0054,0.0293,0.00,0.0000,0.0000,0.0000
118.450,-1.1607,-0.0124,0.0054,0.0293,0.00,0.0000,0.0000,0.0000
118.500,-1.1621,-0.0124,0.0054,0.0293,0.00,0.0000,0.0000,0.0000
118.550,-1.1636,-0.0124,0.0054,0.0293,0.00,0.0000,0.0000,0.0000
118.600,-1.1650,-0.0124,0.0054,0.0293,0.00,0.0000,0.0000,0.0000
118.650,-1.1665,-0.0125,0.0054,0.0293,0.00,0.0000,0.0000,0.0000
118.700,-1.1680,-0.0125,0.0054,0.0293,0.00,0.0000,0.0000,0.0000
118.750,-1.1694,-0.0125,0.0054,0.0293,0.00,0.0000,0.0000,0.0000
118.800,-1.1709,-0.0125,0.0054,0.0293,0.00,0.0000,0.0000,0.0000
118.850,-1.1724,-0.0125,0.0054,0.0293,0.00,0.0000,0.0000,0.0000
118.900,-1.1738,-0.0125,0.0054,0.0293,0.00,0.0000,0.0000,0.0000
118.950,-1.1753,-0.0125,0.0054,0.0293,0.00,0.0000,0.0000,0.0000
119.000,-1.1768,-0.0125,0.0054,0.0293,0.00,0.0000,0.0000,0.0000
119.050,-1.1782,-0.0125,0.0054,0.0293,0.00,0.0000,0.0000,0.0000
119.100,-1.1797,-0.0125,0.0055,0.0293,0.00,0.0000,0.0000,0.0000
119.150,-1.1811,-0.0125,0.0055,0.0293,0.00,0.0000,0.0000,0.0000
119.200,-1.1826,-0.0125,0.0055,0.0293,0.00,0.0000,0.0000,0.0000
119.250,-1.1841,-0.0125,0.0055,0.0293,0.00,0.0000,0.0000,0.0000
119.300,-1.1855,-0.0126,0.0055,0.0293,0.00,0.0000,0.0000,0.0000
119.350,-1.1870,-0.0126,0.0055,0.0293,0.00,0.0000,0.0000,0.0000
119.400,-1.1885,-0.0126,0.0055,0.0293,0.00,0.0000,0.0000,0.0000
119.450,-1.1899,-0.0126,0.0055,0.0293,0.00,0.0000,0.0000,0.0000
119.500,-1.1914,-0.0126,0.0055,0.0293,0.00,0.0000,0.0000,0.0000
119.550,-1.1928,-0.0126,0.0055,0.0293,0.00,0.0000,0.0000,0.0000
119.600,-1.1943,-0.0126,0.0055,0.0293,0.00,0.0000,0.0000,0.0000
119.650,-1.1958,-0.0126,0.0055,0.0293,0.00,0.0000,0.0000,0.0000
119.700,-1.1972,-0.0126,0.0055,0.0293,0.00,0.0000,0.0000,0.0000
119.750,-1.1987,-0.0126,0.0055,0.0293,0.00,0.0000,0.0000,0.0000
119.800,-1.2002,-0.0126,0.0055,0.0293,0.00,0.0000,0.0000,0.0000
119.850,-1.2016,-0.0126,0.0055,0.0293,0.00,0.0000,0.0000,0.0000
119.900,-1.2031,-0.0126,0.0055,0.0293,0.00,0.0000,0.0000,0.0000
119.950,-1.2046,-0.0127,0.0055,0.0293,0.00,0.0000,0.0000,0.0000
120.000,-1.2060,-0.0127,0.0055,0.0293,0.00,0.0000,0.0000,0.0000
